हॅलो	O
हॅलो	O
दत्ता	O
सर	O
बोलताय	O
का	O
हा	O
बोलतोय	O
अ	B-filler_R
मला	O
बँकविषयी	O
माहिती	O
द्या	O
ना	O
थोडीशी	O
अ	B-filler_R
बँकेविषयी	O
अ	B-filler_R
कोणत्या	O
संदर्भात	O
सरकारी	O
बँक	O
की	O
प्रायव्हेट	O
बँक	O
बँक	O
म्हणजे	O
आपले	O
सर्व	O
सरकारी	O
किंवा	O
प्रायव्हेट	O
असतात	O
ना	O
हा	O
हा	O
तर	O
अ	B-filler_R
अं	I-filler_R
मोठ्या	O
सरकारी	O
बँका	O
आहेत	O
आपल्याकडं	O
अ	B-filler_R
एसबीआय	O
परत	O
ते	O
अं	B-filler_R
अ	I-filler_R
बऱ्याच	O
आणखी	O
आहेत	O
सरकारी	O
बँका	O
हा	O
त्याच्यामध्ये	O
अ	B-filler_R
आता	O
बँकेत	O
आपण	O
काय	O
काय	O
करू	O
शकतो	O
बँकेत	B-repair_R
आपले	I-repair_R
अ	B-filler_R
बँकेतून	B-Alteration
आपले	I-Alteration
आर्थिक	O
व्यवहार	O
होतात	O
पैशाचे	O
अ	B-filler_R
त्याच्यामध्ये	O
अ	B-filler_R
पैशे	O
अकाऊंट	O
काढून	O
जर	O
पैशे	O
जर	O
आपण	O
फिरवा	O
फिरव	O
केली	O
तर	O
आपले	O
क्रेडीट	O
वाढते	O
आपल्याला	O
बँकेकडून	O
लोन	O
भेटते	O
हा	O
त्याच्यामुळं	O
सेव्हिंग	O
अकाऊंट	O
वगैरे	O
असतयं	O
चालू	O
अकाऊंट	O
असतयं	O
धंद्यासाठी	O
चालू	O
अकाऊंट	O
काढतात	O
अं	B-filler_R
सेव्हिंग	O
अकाऊंट	O
हे	O
पर्सनल	O
अकाऊंट	O
असतयं	O
आपलं	O
सेव्हिंग	O
अ	B-filler_R
अ	I-filler_R
पैशे	O
ठेवण्यासाठी	O
बँकेत	O
अकाऊंट	O
काढणं	O
गरजेचचं	O
असतं	O
का	O
बँकेत	O
अकाऊंट	O
असलेलं	O
चांगलंच	O
हाय	O
ना	O
म्हणजे	O
अकाउंट	O
असलं	O
तर	O
अ	B-filler_R
आपल्याला	O
फायदा	O
होऊ	O
शकतो	O
काय	O
फायदाच	O
होतो	O
त्याचा	O
अ	B-filler_R
आपले	O
ग	B-filler_R
अ	I-filler_R
पैशे	O
जर	O
जरा	O
जास्त	O
असतील	O
तर	O
आपल्याला	O
व्याज	O
मिळतं	O
बँकेकडून	O
त्या	O
ठेवीवरती	O
परत	O
आपल्याला	O
लोन	O
मिळू	O
शकतं	O
भविष्यात	O
आपल्याला	O
जर	O
आणखी	O
पैशाची	O
गरज	O
पडली	O
तर	O
आपल्याला	O
लोन	O
मिळतं	O
आपली	O
अ	B-filler_R
अ	I-filler_R
क्रेडिट	O
आणि	O
आपले	O
व्यवहार	O
बघून	O
आपल्याला	O
बँक	O
लोन	O
देते	O
ना	O
परत	O
हा	O
कुठल्या	O
बँकेचं	O
अकाऊंट	O
काढणं	O
चांगलं	O
असतं	O
महत्वाचं	O
महत्वाचं	O
म्हणजे	O
बघणं	O
की	O
नॅशनलाइज	O
बँक	O
आहे	O
का	O
ज्या	B-repeat_R
ज्या	O
बँकेचं	O
पूर्ण	O
अ	B-filler_R
भारत	O
देशामध्ये	O
ब्रांच	O
आहेत	O
का	O
हे	O
बघणं	O
सगळ्यात	O
महत्वाचं	O
म्हणजे	O
कोटक	O
महिंद्रा	O
आहे	O
आयसीआयसीआय	O
परत	O
एक्सीस	O
आहे	O
परत	O
एसबीआय	O
आहे	O
कॅनरा	O
आहे	O
ह्या	O
मोठ्या	O
बँका	O
आहेत	O
ना	O
आपल्याला	O
म्हणजे	O
असतात	O
ना	O
ते	O
अकाऊंट	O
कुठलं	O
अकाऊंट	O
काढणं	O
गरजेचं	O
असतं	O
म्हणजे	O
नाही	B-pet_R
का	I-pet_R
असं	O
सेव्हिंग	O
करंट	O
वगैरे	O
म्हणतात	O
ना	O
हा	O
सेव्हिंग	O
नॉर्मली	O
सेव्हिंग	O
अकाऊंटच	O
जास्त	O
तर	O
असतात	O
हे	O
करंट	O
अकाऊंट	O
आपलं	O
बिझनेससाठी	O
म्हणजे	O
त्याच्यामध्ये	O
अ	B-filler_R
अ	I-filler_R
जास्त	O
वेळा	O
पैसे	O
टाकणं	O
काढणं	O
हे	O
जास्त	O
वेळा	O
चालते	O
हा	O
करंट	O
अकाऊंटवरती	O
सेव्हिंग	O
अकाऊंट	O
हे	O
ह्याच्यावरती	B-repair_R
जास्त	I-repair_R
अ	B-filler_R
दिवसांमध्ये	B-Alteration
अ	B-filler_R
अ	I-filler_R
जास्त	O
वेळा	O
ट्रांझेक्शन	O
अ	B-filler_R
हा	O
करणं	O
म्हणजे	O
चार्जेस	O
लागतात	O
त्याला	O
मग	O
जास्त	O
ट्रांझेक्शन	O
केल्यानंतर	O
ठिके	O
आणि	O
म्हणजे	O
समजा	O
आपल्याला	B-repeat_R
जर	I-repeat_R
आपण	B-Alteration
जर	I-Alteration
नवीन	O
अकाऊंट	O
पहिल्यांदाच	O
काढत	O
असलो	O
तर	O
काय	O
केलं	O
पाहिजे	O
आपण	O
त्यासाठी	O
त्याच्यासाठी	O
अ	B-filler_R
काय	O
आपले	O
डॉक्युमेंट्स	O
वगैरे	O
काय	O
जे	O
रिक्वायरमेंट	O
आहे	O
अ	B-filler_R
जे	O
आपल्याला	O
मागितले	O
जातात	O
ते	O
प्रोव्हाईड	O
करायचे	O
बँकेला	O
निघतं	O
आपलं	O
सेव्हिंग	O
अकाऊंट	O
ठिके	O
हं	O
असं	O
काही	O
अजून	O
बँकेच्या	O
एड्रेस	O
प्रूफ	O
वगैरे	O
त्याला	O
हं	O
एड्रेस	O
प्रूफ	O
वगैरे	O
हे	O
सगळ्या	O
गोष्टी	O
त्याच्यामध्ये	O
जोडलेल्या	O
असतात	O
हं	O
त्याचं	B-repair_R
ते	I-repair_R
देणं	I-repair_R
डॉक्युमेंट	B-Alteration
देणं	I-Alteration
गरजेचचं	O
असतं	O
ना	O
बँकेत	O
अ	B-filler_R
डॉक्युमेंट	O
पाहिजेत	O
ना	O
बँकेला	O
डॉक्युमेंटशिवाय	O
अ	B-filler_R
मग	O
प्रोसेस	O
होत	O
नाही	O
कारण	O
ते	O
पूर्ण	O
तुमचे	O
लिगल	O
डॉक्युमेंट	O
अ	B-filler_R
तपासले	O
जातात	O
तिथे	O
हं	O
अ	B-filler_R
शेती	B-repair_R
शेतीमधले	O
म्हणजे	O
नाही	B-pet_R
का	I-pet_R
शेतकऱ्यांनी	O
डॉक	B-repair_R
अकाऊंट	B-Alteration
काढलचं	O
पाहिजे	O
का	O
बँकेत	O
वगैरे	O
असं	O
काही	O
असतं	O
का	O
प्रत्येकाचं	O
अकाऊंट	O
असणं	O
गरजेचं	O
आहे	O
शेतकरी	O
असोत	O
मिडलक्लास	O
असोत	O
मजूर	O
असोत	O
कमी	O
जास्त	O
प्रमाणामध्ये	O
आपली	O
सेव्हिंग	O
होते	O
तर	O
अ	B-filler_R
हातात	O
म्हणजे	B-pet_R
पैशे	O
राहत	O
नाहीत	O
तेवढे	O
तर	O
बँकेत	O
अकाऊंट	O
असलेलं	O
म्हणजे	O
काय	O
होतं	O
त्याच्यावरती	O
आपण	O
आ	O
सेव्हिंग	O
करू	O
शकतो	O
डिपॉजिट	O
करू	O
शकतो	O
सेव्हिंग	O
करू	O
शकतो	O
हा	O
हं	O
धन्यवाद	O
सर	O
तुम्ही	O
माहिती	O
दिल्याबद्दल	O
ओके	O
ओके	B-repeat_R
	
हिमाचल	O
प्रदेशातील	O
पर्यटनाचे	O
काय	O
?	O
	
हिमाचल	O
प्रदेश	O
हे	O
उत्तर	O
भारतातील	O
हिमालयी	O
प्रदेशातील	O
सर्वोच्च	O
पर्वतीय	O
पर्यटन	O
स्थळापैकी	O
एक	O
आहे	O
.	O
	
हे	O
तुम्हाला	O
आयुष्यभर	O
टिकणाऱ्या	O
आठवणी	O
देते	O
.	O
	
दरी	O
,	O
पर्वत	O
,	O
प्राचीन	O
मठ	O
,	O
ऐतिहासिक	O
ठिकाणे	O
,	O
तलाव	O
,	O
पर्वतीय	O
खिंड	O
यादी	O
कधीच	O
संपत	O
नाही	O
.	O
	
तुमच्यातली	O
भटकंती	O
इथे	O
कायमची	O
राहण्यास	O
भाग	O
पडेल	O
.	O
	
कोणतेही	O
हिमाचल	O
प्रवास	O
मार्गदर्शक	O
निवडा	O
.	O
	
काही	O
मिनिटातच	O
तुम्ही	O
त्यांच्या	O
सौंदर्याने	O
मंत्रमुग्ध	O
व्हाल	O
.	O
	
या	O
राज्याला	O
खूप	O
काही	O
देण्यासारखे	O
आहे	O
.	O
	
खरोखरच	O
उत्तर	O
भारतातील	O
सर्वोच्च	O
पर्यटन	O
स्थळ	O
!	O
	
चला	O
सुखदायक	O
गाणे	O
गाऊया	O
का	O
?	O
हिमाचल	O
प्रदेशातील	O
पर्यटन	O
निसर्गप्रेमींसाठी	O
काहीतरी	O
आहे	O
.	O
	
त्यांचे	O
सौंदर्य	O
त्यांच्या	O
विविधतेत	O
आहे	O
.	O
	
तुझे	O
केस	O
कुल्लू	O
आणि	O
कांग्डा	O
सारख्या	O
हिरव्या	O
दऱ्या	O
आणि	O
लाहौल	O
आणि	O
स्प्लितीमध्ये	O
ओसाड	O
जमिनी	O
आहेत	O
.	O
	
मलानाची	O
कथा	O
जेवढी	O
पर्यटकांना	O
आकर्षित	O
करते	O
,	O
मॅक.	O
..	O
अं	B-filler_R
.	O
	
..	O
लॉन्ड	O
गंजची	O
बौद्ध	O
संस्कृती	O
ही	O
तितकीच	O
रंजक	O
आहे	O
.	O
	
त्यांच्या	O
समृद्ध	O
औपनिवेशिक	O
भूतकाळासह	O
डलहौसी	O
हे	O
एक्सप्लोर	O
करण्याचा	O
एक	O
परिपूर्ण	O
आनंद	O
आहे	O
.	O
	
शिमला	O
कुल्लू	O
आणि	O
मनाली	O
सारखी	O
प्रसिद्ध	O
हिल	O
स्टेशन्स	O
,	O
कोरन	O
,	O
दागा	O
,	O
विचित्र	O
गावे	O
आणि	O
समृद्ध	O
वसाहतीवादी	O
भुतकाळाने	O
भरलेली	O
आहेत	O
.	O
	
हिमाचलच्या	O
कोणत्याही	O
प्रेक्षणीय	O
स्थळांचे	O
दौरे	O
यात	O
त्यातील	O
भव्य	O
तलावांचा	O
समावेश	O
असणे	O
आवश्यक	O
आहे	O
.	O
	
शांत	O
आणि	O
शांत	O
ते	O
शाब्दिक	O
आणि	O
प्रतिकारात्मक	O
आहे	O
.	O
	
दोन्ही	O
दिशांनी	O
आजूबाजूला	O
दाखवतो	O
रेणुका	O
रेल्वेसर	O
पराशर	O
,	O
सुरजताल	O
आणि	O
चंद्रताल	O
हे	O
काही	O
प्रसिद्ध	O
तलाव	O
आहेत	O
.	O
	
हिमाचल	O
पर्वत	O
रांगांतील	O
हे	O
दृश्य	O
डोक्यापासून	O
पायापर्यंत	O
उत्साहाने	O
भरते	O
.	O
	
नवीन	O
साहसांना	O
होय	O
म्हणा	O
.	O
	
हिमाचलचे	O
वैविध्यपुर्ण	O
लँडस्केपदेखील	O
विविधतेसह	O
साहसांना	O
देते	O
रिव्हर	O
राफ्टिंगचा	O
थरारा	O
शिमलाजवळील	O
तत्तापाणी	O
येथील	O
आहे	O
.	O
	
सतलज	O
नदी	O
कल्लुच्या	O
जवळील	O
बियास	O
नदी	O
,	O
चंबा	O
जवळील	O
रावी	O
नदी	O
लोहाल	O
आणि	O
स्तिपी	O
जिल्ह्यातील	O
चिनांबा	O
नदी	O
आणि	O
स्तिपी	O
येथे	O
,	O
आनंद	O
लुटता	O
येतो	O
.	O
	
हौशी	O
आणि	O
प्रगत	O
ट्रेकर्ससाठी	O
ट्रेंकींगच्या	O
भरपूर	O
संधी	O
देखील	O
आहेत	O
.	O
	
काही	O
प्रसिद्ध	O
ट्रेक	O
,	O
किन्स	O
म्हणजे	O
पार्वतीपास	O
,	O
हा.	B-filler_R
..	I-filler_R
हामपट्टा	O
पास	O
,	O
किन्नर	O
-	O
कैलास	O
आणि	O
चंदरपाल	O
.	O
	
जगातील	O
दुसऱ्या	O
क्रमांकाचे	O
पॅरा.	O
..	O
ग्ला.	O
..	O
य.डिंग	O
स्पॉट	O
बिर	O
बिलिंग	O
येथे	O
पॅरा.	O
..	O
ग्ला.	O
..	O
य.डिंग	O
सह	O
उंच	O
भरारी	O
घ्या	O
.	O
	
सी.	O
..	O
इंग	O
,	O
अलिंग	O
,	O
रॉक	O
क्ला.	O
..	O
इलिबिंग	O
,	O
कंपिंग	O
आणि	O
पर्वतारोहण	O
हे	O
इतर	O
साहसी	O
खेळ	O
आहेत	O
.	O
	
ज्यांचा	O
तुम्ही	O
आनंद	O
घेऊ	O
शकता	O
.	O
	
हिमाचल	O
प्रदेशाचा	O
गौरवशाली	O
भूतकाळाचा	O
दिवस	O
का	O
?	O
हिमाचलचा	O
भेट	O
देणारा	O
इतिहासप्रेमींनाही	O
काही	O
गोष्टींची	O
अपेक्षा	O
आहे	O
.	O
	
अनेक	O
वारसा	O
स्थळे	O
आहेत	O
,	O
जी	O
पर्यटकांच्या	O
आकर्षणाची	O
प्रमुख	O
ठिकाणे	O
आहेत	O
.	O
	
ज्यांच्या	O
स्थापत्य	O
आणि	O
ऐतिहासिक	O
भौतिकतेसाठी	O
पुरातन	O
किल्ले	O
,	O
वसाहती	O
,	O
इमारती	O
,	O
प्राचीन	O
परंपरांनी	O
युक्त	O
ग्रामीण	O
भाग	O
भव्य	O
वाडा	O
आहेत	O
.	O
	
भव्य	O
पेठेत	O
वसाहती	O
वस्तूकलापासून	O
आपण	O
त्यांच्या	O
भव्य	O
वारसा	O
मोहिनीद्वारे	O
मंत्रमुग्ध	O
होईल	O
.	O
	
शिलांपैकी	O
काही	O
डौलाहु	O
शिथिल	O
चंद्रीघाट	O
पॅलेस	O
,	O
चेंबर	O
,	O
रंगमहाल	O
विलासपूरमधील	O
वाहज	B-false_R
बहादूरपूर	O
किल्ला	O
,	O
रामपूरमधील	O
पदम	O
पॅलेस	O
आणि	O
कांगडामधील	O
कांगडा	O
किल्ला	O
आहे	O
.	O
	
हिमाचल	O
प्रदेशाचे	O
मूळ	O
वाळवंट	O
आणि	O
विदेशी	O
वन्यजीव	O
काय	O
पाहावे	O
.	O
	
हिमाचल	O
प्रदेश	O
हे	O
राष्ट्रीय	O
उद्यानांसाठी	O
खूप	O
प्रसिद्ध	O
आहे	O
.	O
	
ते	O
दुर्मिळ	O
आणि	O
धोक्यात	O
आलेल्या	O
प्राण्यांचे	O
घर	O
आहे	O
.	O
	
त्यापैकी	O
सर्वात	O
प्रसिद्ध	O
यूनेस्को	O
आहे	O
.	O
	
जागतिक	O
वारसास्थळ	O
ग्रेट	O
हिमालयन	O
नॅशनल	O
पार्क	O
,	O
हिमालयन	O
तारह	O
,	O
हिमालयन	O
ब्राऊन	O
बियर	O
नीला	O
यांच्यासारखे	O
उच्च	B-false_R
उच्च	O
उंचीचे	O
हिमालयीन	O
प्राणी	O
,	O
मेंढ्या	O
आणि	O
हिमते.	O
..	O
न्दुये	O
दिसू	O
शकतात	O
.	O
	
विपुल	O
वनस्पती	O
आणि	O
प्राणी	O
आपण	O
विदेशी	O
हिमालयन	O
वाणिज्य	O
पाहू	O
शकतो	O
.	O
	
हिमाचल	O
प्रदेशातील	O
संस्कृतीचा	O
आवाज	O
काय	O
आहे	O
?	O
	
हिमाचल	O
प्रदेशाची	O
संस्कृती	O
समजून	O
घेण्यासाठी	O
तुम्ही	O
तिथल्या	O
उत्सवांना	O
उपस्थित	O
राहणे	O
आवश्यक	O
आहे	O
.	O
	
यातील	O
सर्वात	O
प्रसिद्ध	O
मेंढपाळ	O
आहेत	O
.	O
	
मोमी	O
,	O
मिंजर	O
मेळा	O
आणि	O
कुल्लू	O
दशेहरा	O
यात	O
चाम	O
,	O
रक्षक	O
,	O
चिया	O
,	O
गोळ	O
,	O
यांग	O
,	O
चांद	O
आणि	B-filler_R
यासारखी	O
अनेक	O
पारंपरिक	O
नृत्ये	O
आहेत	O
.	O
	
कांगडा	O
भाग	O
आणि	O
भित्तिचित्रांसह	O
पारंपरिक	O
कलाकुसर	O
देखील	O
पाहणे	O
आवश्यक	O
आहे	O
.	O
	
राज्याची	O
समृद्ध	O
हस्तकला	O
परंपरा	O
,	O
पौराणिक	O
कथा	O
आणि	O
हिमाचल	O
प्रदेशातील	O
देश	O
आहे	O
.	O
	
लोक.	O
..	O
कथांचा	O
प्रभाव	O
लाकूड	O
कोरीव	O
काम	O
भरतकाम	O
,	O
दागिने	O
आणि	O
दगडी	O
काम	O
यांच्यासारख्या	O
कुलाक.	B-repair_R
..	I-repair_R
कलाकुसर	B-Alteration
फार	O
पूर्वीपासून	O
फोफावत	O
आहेत	O
.	O
	
इतर	O
कोणत्याही	O
राज्याप्रमाणे	O
तिबेटी	O
प्रभावसह	O
हिमाचलचे	O
स्वतःचे	O
पाककृती	O
आहे	O
.	O
	
तिबेटचा	O
प्रभाव	O
किन्नरपेक्षा	O
जास्त	O
आहे	O
.	O
	
हिमाचल	O
प्रदेशाचा	O
विस्तार	O
क्षेत्रफळ	O
:	O
हिमाचल	O
प्रदेश	O
हा	O
हिमालय	O
पर्वतांच्या	O
शिवकालीन	O
रंगाचा	O
भाग	O
आहे	O
.	O
	
घनगर	O
नदी	O
उगम	O
शिवालिक	O
पर्वतरांगापासून	O
सुरु	O
होतो	O
.	O
	
राज्यातील	O
इतर	O
प्रमुख	O
नद्यांमध्ये	O
सतलज	O
आणि	O
बियास	O
यांचा	O
समावेश	O
होतो	O
.	O
	
हिमाचल	O
हिमालयास	O
सुधुर	O
हो..	O
...	O
उत्तरेकडील	O
भाग	O
लडाखच्या	O
थंड	O
वाळवंटाचा	O
विस्तार	O
आहे	O
.	O
	
आणि	O
लोहाल	O
आणि	O
स्पिती	O
जिल्ह्याचा	O
स्पिती	O
उप..	B-repair_R
...	I-repair_R
भवि.	I-repair_R
..	I-repair_R
उपविभाग	B-Alteration
आहे	O
.	O
	
हिमाचलाचे	O
तीन	O
प्रमुख	O
पर्वतरांगा	O
ग्रेट	O
हिमालया	O
,	O
लेल.	B-repair_R
..	I-repair_R
लेसर	B-Alteration
हिमालय	O
ज्यांनी	O
हिमाचलमध्ये	O
ढोलांधर	O
आणि	O
उत्तरांम	B-repair_R
...	O
उत्तचरांमध्ये	B-Alteration
नागतीभा	O
म्हणतात	O
आणि	O
शिवालिक	O
उत्तर	O
दक्षिण	O
दिशेने	O
पसरल्या	O
आहेत	O
.	O
	
हिमाचल	O
प्रदेश	O
बर्फाळ	O
पर्वतामध्ये	O
वसलेले	O
एक	O
खूप	O
सुंदर	O
राज्य	O
आहे	O
.	O
	
ज्याची	O
राजधानी	O
आहे	O
शिमला	O
.	O
	
शिमला	O
हिमाचलप्रदेश	O
मधील	O
सर्वात	O
मोठे	O
शहरसुद्धा	O
आहे	O
.	O
	
हिमाचल	O
प्रदेश	O
भारताच्या	O
उत्तरेला	O
वसलेले	O
आहे	O
.	O
	
हॅलो	O
हॅलो	O
हा	O
दिशा	O
हा	O
रेवती	O
बोल	O
काय	O
म्हणती	O
बऱ्याच	O
दिवसांनी	O
फोन	O
हो	O
हो	O
असं	O
सगळं	O
चाललय	O
सगळं	O
शेड्यूल	O
नाही	B-pet_R
का	I-pet_R
मुलांची	O
स्कूल	O
आणि	O
ह्याच्यामध्येच	O
चाललय	O
सध्या	O
आता	O
हा	O
तेच	O
म्हटलं	O
आज	O
कशी	O
आठवण	O
आली	O
तुला	O
हो	O
ना	O
मग	O
असंच	O
विचारायला	O
केला	O
की	O
तुझी	O
मुलं	O
कुठल्या	O
स्कूलमध्ये	O
आहे	O
ना	O
असं	O
थोडसं	O
कोणाशी	O
बोललं	O
का	O
आयडिया	O
येतात	O
ना	O
हो	O
हो	B-repeat_R
ते	O
तर	O
आहेच	O
माझं	O
आत्ता	O
तरी	O
इथेच	O
आहे	O
स्कूलमध्ये	O
आता	O
चाललय	O
त्यांचे	O
क्लासेस	O
वगैरे	O
लावायचे	O
पण	O
जरा	O
शिक्षकांचं	O
थोड	O
फार	O
तरी	O
अ	B-filler_R
अडचणी	O
येत	O
आहेत	O
ना	O
गं	O
शिकवताना	O
त्यांना	O
बरोबर	B-repeat_R
बरोबर	O
अगं	O
त्यासाठीच	O
आम्ही	O
स्कूल	O
पण	O
चेंज	O
केलं	O
मुलांचं	O
आता	O
कारण	O
अॅक्चुअली	O
आम्ही	O
ज्या	O
स्कूलमध्ये	O
टाकलं	O
त्यांना	O
तर	O
ते	O
लोकं	O
काय	O
करतात	O
म्हणजे	O
आम्ही	O
इकडे	O
गुजरातमध्ये	O
आहे	O
तर	O
ते	O
त्या	O
गुजरातीलाच	O
जास्त	O
हे	O
करतात	O
ना	O
म्हणजे	O
हो	O
हो	O
गुजराती	O
भाषेला	O
जास्त	O
ते	O
प्राधान्य	O
देतात	O
मग	O
ते	O
कसं	O
बाहेरच्या	O
मुलांना	O
त्याचा	O
प्रॉब्लेम	O
येतो	O
ना	O
मग	O
त्यामुळे	O
मग	O
ते	O
पण	O
थोडसं	O
मुलंपण	O
डिसअपॉईंट	O
होतात	O
ना	O
की	O
बाबा	B-pet_R
ह्यांनाच	O
का	O
आम्हाला	O
का	O
नाही	O
त्यामुळं	O
हो	O
हो	O
असं	O
नको	O
हा	O
भेदभाव	O
नको	O
हे	O
मग	O
शिक्षकांचं	O
हे	O
बरोबर	O
नाही	O
ना	O
सगळ्या	O
मुलांना	O
एक	O
तर	O
शिकवण	O
पण	O
योग्य	O
दिली	O
पाहिजे	O
नाही	B-pet_R
का	I-pet_R
हो	O
हो	O
त्याच्यामध्ये	O
पण	O
बराच	O
प्रॉब्लेम	O
आहे	O
त्याच्यामध्ये	O
हो	O
हो	O
मग	O
म्हटलं	O
ठिके	O
आपण	O
स्कूल	O
चेंज	O
करून	O
बघू	O
मग	O
आता	O
बघितलं	O
तर	O
तिथले	O
टीचर्स	O
जे	O
आहेत	O
ते	O
आहे	O
वेल	O
एज्युकेटेड	O
आहेत	O
छान	O
त्यांचे	O
म्हणजे	O
बऱ्यापैकी	O
रिझल्ट	O
आहे	O
त्यांचा	O
हो	O
ना	O
मी	O
पण	O
आत्ता	O
मुलीची	O
शाळा	O
म्हणजे	O
तिला	O
अ	B-filler_R
अंगणवाडीला	O
जेव्हा	O
होती	O
ती	O
तेव्हा	O
तिथं	O
तर	O
काय	O
मुलीच	O
होत्या	O
लहान	O
लहान	O
मुलीच	O
शिकवायला	O
पण	O
लहान	O
मुलींचा	O
जर	O
बेसच	O
कच्चा	O
राहिला	O
तर	O
पुढे	O
जाऊन	O
त्यांना	O
काय	O
उपयोग	O
होणार	O
गं	O
नाही	O
ना	O
तेच	O
तर	O
मेन	O
तेच	O
आहे	O
अगं	O
अगं	B-repeat_R
म्हणजे	O
लिटरली	O
माझा	O
मुलगा	O
वर्षभर	O
स्कूलमध्ये	O
गेला	O
पण	O
त्याला	O
जे	O
शिकवायचं	O
ते	O
शिकवलंच	O
नाही	O
हो	O
ना	O
आमचा	O
प्रॉब्लेम	O
झाला	O
हा	O
हा	B-repeat_R
हा	I-repeat_R
अगं	O
तिकडेच	O
काय	O
गुजरातला	O
महाराष्ट्रामध्ये	O
पण	O
तेच	O
प्रॉब्लेम	O
चाललेत	O
त्याच	O
अडचणींना	O
सामोरे	O
जायला	O
लागतयं	O
हो	O
अॅक्चुअली	O
या	O
लोकांनी	O
काय	O
करायला	O
पाहिजे	O
की	O
आधी	O
शिक्षकांना	O
म्हणजे	O
ट्रेनिंग	O
प्रशिक्षण	O
द्यायला	O
पाहिजे	O
त्यांना	O
असं	O
नाही	B-pet_R
ना	I-pet_R
की	O
तुम्हाला	O
न	B-filler_R
काही	O
म्हणजे	O
इथचं	O
तुम्ही	O
जा	O
आणि	O
शिकवा	O
असं	O
नको	O
त्यांना	O
वेल	O
ट्रेन	O
करूनच	O
मुलांपर्यंत	O
अ	B-filler_R
अन	O
मग	O
काय	O
होतं	O
मुलं	O
काय	O
करतात	O
आ	B-filler_R
आम्हाला	O
तर	O
हेच	O
शिकवलं	O
आणि	O
असंच	O
शिकवलं	O
आम्ही	O
हे	O
ते	O
जरी	O
चुकीचं	O
असलं	O
तरी	O
ते	O
जे	O
स्कूलमध्ये	O
शिक्षक	O
शिकवतील	O
तेच	O
फॉर्म्युला	O
ते	O
युज	O
करतात	O
अगं	O
मला	O
तर	O
ए	O
ना	O
असं	O
आठवतं	O
आमच्या	O
वेळी	O
जेव्हा	O
नवीन	O
शिक्षिका	O
येईच्या	O
ना	B-pet_R
जेव्हा	O
त्यांचं	O
पहिलं	O
लेक्चर	O
असायचं	O
ना	B-pet_R
तेव्हा	O
आमच्या	O
जुन्या	O
ज्या	O
शिक्षिका	O
असायच्या	O
त्या	O
मागच्या	O
बेंचवर	O
ए	B-pet_R
ना	I-pet_R
अॅज	O
अ	O
विद्यार्थी	O
म्हणून	O
बसायच्या	O
त्या	O
म्हणजे	O
त्यांनाही	O
कळायचं	O
की	O
त्या	O
नवीन	O
शिक्षिका	O
कसं	O
शिकवतातेत	O
कुठल्या	O
पद्धती	O
वापरताते	O
हो	O
हो	O
हा	O
तुमच्या	O
वेळेस	O
होतं	O
असं	O
हो	B-repeat_R
हो	I-repeat_R
हो	I-repeat_R
हो	O
नक्कीच	O
ते	O
म्हणजे	O
चेक	O
करायचे	O
क्रॉसचेक	O
म्हणतो	O
ना	O
आपण	O
त्याला	O
हो	O
हो	O
हा	O
तर	O
ते	O
चेक	O
करायचे	O
आणि	O
इव्हन	O
इंटरव्ह्यु	O
वगैरे	O
पण	O
म्हणजे	O
त्याच्यामध्ये	O
पण	O
बऱ्यापैकी	O
प्रश्न	O
विचारले	O
जातात	O
ना	O
असं	O
नाही	B-pet_R
ना	I-pet_R
की	O
अॅड	O
दिली	O
आणि	O
शिक्षक	O
पाहिजे	O
आणि	O
आले	O
तेवढ्यापुरतं	O
काहीतरी	O
विचारलं	O
म्हणजे	O
अगं	O
लिटरली	O
सांगते	O
की	O
सायन्स	O
मॅथ	O
जे	O
शिकवणारे	O
आहेत	O
त्यांना	O
धड	O
इंग्लिशसुद्धा	O
बोलता	O
येत	O
नाही	O
ते	O
त्यांना	O
कळत	O
आणि	O
इंग्लिश	O
मिडियम	O
सीबीएससीमध्ये	O
जरासे	O
प्रॉब्लेम्स	O
यायला	O
लागले	O
तर	O
मग	O
मुलं	O
काय	O
शिकतील	O
आणि	O
हो	O
ना	O
आजचं	O
जे	O
युग	O
आहे	O
ते	O
मुलांमध्ये	O
किती	O
कॉम्पिटीशन	O
आहे	O
हो	O
ना	O
त्याच्यासाठी	O
त्यांना	O
शिक्षकपण	O
तसे	O
योग्यच	O
मिळायला	O
हवे	O
ना	B-pet_R
गं	O
हो	O
ना	O
आपण	O
मुलांना	O
शाळेत	O
का	O
टाकतो	O
की	O
बाबा	O
आपल्याला	O
घरी	O
येत	O
नाही	O
आपण	O
त्यांना	O
क्लासेस	O
लावतो	O
आपल्याला	O
येत	O
नाही	O
बाबा	O
आपण	O
जे	O
शिकलो	O
नाही	O
ते	O
त्यांनी	O
शिकावं	O
यासाठी	O
आपण	O
त्यांना	O
पुढे	O
पाठवतो	O
आपल्या	B-repair_R
आपल्याला	B-Alteration
जे	O
शिक्षण	O
मिळालं	O
नाही	O
ते	O
शिक्षण	O
त्यांना	O
मिळावं	O
आपल्याला	O
जे	O
करता	O
आलं	O
नाही	O
ते	O
त्यांनी	O
करावं	O
हं	B-filler_R
या	O
आशेनेच	O
पाठवतो	O
पण	O
आता	O
शिक्षकांचे	O
हेच	O
चाललेत	O
हाल	O
सगळीकडे	O
तर	O
काय	O
करणार	O
हो	O
पण	O
आजच्या	O
म्हणजे	O
घडीला	O
शिक्षण	O
आणि	O
प्रशिक्षण	O
विभाग	O
जे	O
राष्ट्रीय	O
म्हण	O
किंवा	O
आंतरराष्ट्रीय	O
पातळीवर	O
आपण	O
म्हणतो	O
ना	O
या	O
प्रशिक्षण	O
व्यवस्थेत	O
विशेष	O
म्हणजे	O
विविध	O
आव्हाने	O
अशी	O
त्यांनी	O
निर्माण	O
करायला	O
पाहिजे	O
आता	O
तरी	O
हो	O
आणि	O
अशे	O
विविध	O
समजा	O
अडथळे	O
त्यांना	O
येताते	O
ना	B-pet_R
हं	O
त्याच्यासाठी	O
त्यांनी	O
अं	B-filler_R
एक	O
शिक्षण	O
प्रशिक्षण	O
हा	O
मार्गक्रमण	O
म्हणजे	O
सुरुवात	O
केलेली	O
आहे	O
म्हणा	O
मी	O
तरी	O
असं	O
वाचण्याते	O
माझ्या	O
पण	O
आता	O
बघू	O
किती	O
त्याच्यातून	O
ते	O
येतं	O
आणि	O
काय	O
होतं	O
शिक्षकांचे	O
शिक्षण	O
म्हणजे	O
अ	B-filler_R
अ	I-filler_R
अनेक	O
विचार	O
असतात	O
म्हणजे	O
शिक्षणाशी	O
संबंधित	O
त्यांच्या	O
संस्थांचा	O
नवीन	O
शैक्षणिक	O
उपक्रमांचा	O
पण	O
त्यांचा	O
विचार	O
सगळा	O
करावा	O
लागतो	O
हो	B-repeat_R
हो	O
परत	O
नवीन	O
नवीन	O
जे	O
येतं	O
समजा	O
उद्दिष्ट	O
काही	O
ध्येय	O
ह्याच्यासहित	O
मुलांनी	O
मुलांना	O
जर	O
त्यांनी	O
शिकवलं	O
ना	B-pet_R
तर	O
मुलंपण	O
ते	O
व्यवस्थित	O
कॅप्चर	O
करतील	O
असं	O
नाही	O
की	O
हे	O
काढलंय	O
एखादं	O
म्हणजे	O
आपण	O
म्हणतो	O
पाठ	O
केला	O
आणि	O
तो	O
फटापट	O
वाचून	O
दाखवला	O
किंवा	O
आजकाल	O
तर	O
नवीन	O
हे	O
आहे	O
की	O
स्लाईड	O
दाखवून	O
देतात	O
ना	O
हो	O
आणि	O
बस	O
म्हणजे	O
मी	O
माझ्या	O
मुलांनासुद्धा	O
विचारते	O
की	O
याच्यामध्ये	O
ह्यात	O
काय	O
सांगितलं	O
तुम्हाला	O
काय	O
हो	O
ते	O
काही	O
नाही	O
आम्हाला	O
असचं	O
स्लाईड्स	O
दाखवल्या	O
आणि	O
झालं	O
आम्हाला	O
काही	O
लक्षातच	O
नाही	O
आलं	O
आई	O
हो	O
ना	O
म्हणजे	O
त्यांनी	O
फक्त	O
ते	O
व्हिडिओवर	O
डिपेंड	O
राहतात	O
की	O
बाबा	B-pet_R
दाखवलं	O
बास	O
हा	B-filler_R
हा	O
त्यांचं	O
काम	O
पूर्ण	O
म्हणजे	O
पुढं	O
समजून	O
सांगणं	O
त्याच्यामध्ये	O
त्याचे	O
फायदे	O
तोटे	O
वगैरे	O
काही	O
सांगत	O
नाही	O
बरोबर	O
ते	O
तुम्ही	O
तुमच्या	O
लँग्वेजमध्ये	O
सांगा	O
ना	O
त्यांना	O
हो	O
हो	O
कारण	O
ठिके	O
मोठ्या	O
मुलांना	O
येईल	O
लक्षात	O
पण	O
तिथे	O
छोटेसुद्धा	O
हो	O
प्रायमरी	O
विभागाचे	O
आहेत	O
त्यांना	O
जर	O
तुम्ही	O
उदाहरणं	O
देऊन	O
सांगा	O
ना	B-pet_R
आपण	O
कसं	O
त्यांना	O
घरात	O
गोष्टीवगैरे	O
सांगून	O
असं	O
शिकवायचा	O
प्रयत्न	O
करतो	O
की	O
असं	O
केल्यानं	O
असं	O
होतं	O
असं	O
बघ	O
तू	O
किती	O
होईल	O
हे	O
एवढ्याचं	O
तर	O
हे	O
कितीचं	O
होईल	O
ना	O
पण	O
ते	O
डायरेक्टच	O
तुम्ही	O
त्यांना	O
शिकवताल	O
तर	O
ते	O
तर	O
त्यांच्या	O
डोक्यात	O
येणारच	O
नाही	O
ना	B-pet_R
त्यामुळे	O
मेन	O
सगळं	O
जे	O
आहे	O
हे	O
शाळेचं	O
हे	O
सगळं	O
शिक्षकावर	O
डिपेंड	O
आहे	O
हो	O
ना	O
आणि	O
अनुभव	O
हाच	O
शिक्षक	O
असतो	O
म्हणजे	O
जो	O
अनुभव	O
शिक्षकांना	O
येतो	O
तोच	O
त्या	O
त्यांनीच	O
विद्यार्थ्यांना	O
पुढे	O
पुढे	O
सांगण्या	B-repair_R
सांगायचा	B-Alteration
असतो	O
हं	O
हा	O
मी	O
आत्ता	O
ऐकलयं	O
की	O
म्हणजे	O
कुठल्या	B-repeat_R
कुठल्या	O
गोष्टींना	O
म्हणजे	O
हे	B-filler_R
देता	O
येईल	O
समजा	O
परिणाम	O
देता	O
येईल	O
जसं	O
त्याच्यासाठी	O
कोणकोणत्या	O
कार्यनीती	O
राबवाव्या	O
लागतील	O
याच्यासाठी	O
शिक्षण	O
प्रशिक्षणात	O
म्हणजे	O
विचार	O
सुरू	O
आहे	O
हा	O
म्हणजे	O
राष्ट्रीय	O
अभ्यासक्रमाच्या	O
अ	B-filler_R
आराखड्यानुसार	O
नाही	B-pet_R
का	I-pet_R
एमसीटी	O
रेग्युलेशन	O
अॅक्टच्या	O
चौकटीत	O
राहून	O
शिक्षण	O
प्रशिक्षण	O
कार्यक्रम	O
हा	O
एक	O
वर्षाचा	O
होता	O
तो	O
आता	O
दोन	O
वर्षाचा	O
तयार	O
केला	O
गेला	O
आहे	O
हो	O
हो	O
बरोबरे	O
हा	O
त्यामुळे	O
बऱ्यापैकी	O
समजा	O
आ	B-filler_R
मदत	O
होऊ	O
शकते	O
शिक्षकांना	O
आणि	O
कसं	O
त्यांना	O
व्यवस्थित	O
समोरून	O
गाईडलाईन	O
भेटल्या	O
तर	O
ते	O
पण	O
अ	B-filler_R
तशाप्रमाणे	O
ते	O
शिकवतील	O
ना	O
हो	O
हो	O
आणि	O
ती	O
जी	O
शिक्षण	O
प्रशिक्षणातून	O
समजा	O
अ	B-filler_R
समस्या	O
असतील	O
काही	O
त्यांचा	O
स्वतःच्या	O
काही	O
म्हणजे	O
कंफ्यूजन	O
असेल	O
की	O
मला	O
काय	O
येत	O
नाहीये	O
हे	O
आहे	O
ते	O
आहे	O
तर	O
ते	O
त्यांनी	O
आधी	O
शिकून	O
स्वतः	O
मग	O
मुलांना	O
शिकवायला	O
पाहिजे	O
ना	B-pet_R
ते	O
तिथे	O
येऊन	O
स्वतःच	O
कं	B-filler_R
म्हणजे	O
असे	O
हे	O
झाले	O
की	O
मला	O
काय	O
शिकवायचं	O
आहे	O
मग	B-repeat_R
मग	O
ठिके	O
तुम्ही	O
काहीतरी	O
वाचायला	O
घेऊन	O
द्यायचं	O
किंवा	O
तुम्ही	O
हे	O
करत	O
बसा	O
असं	O
करा	O
मग	O
ह्यांनी	O
काय	O
होतं	O
मुलांना	O
पण	O
त्याच्यामध्ये	O
असं	O
काही	O
एक	O
असं	O
हे	B-filler_R
रहात	O
नाही	O
की	O
नाही	O
मला	O
हे	O
करायचंय	O
की	O
मला	O
ह्या	O
त्या	O
सरांचं	O
क्लास	O
म्हणजे	O
सोडायचंच	O
नाहीये	O
पण	O
ते	O
पण	O
एवढा	O
इंटरेस्ट	O
देऊन	O
नाही	O
करत	O
नाही	O
करत	O
गं	O
ते	O
तर	O
आहे	O
मग	O
यांनी	B-repeat_R
यांनी	O
काय	O
होतं	O
विद्यार्थी	O
प्रवेश	O
म्हणतो	O
आपण	O
म्हणजे	O
ज्या	O
अॅडमिशन	O
असतात	O
त्या	O
हो	O
हो	O
कमी	O
प्रमाणात	O
कमी	O
प्रमाणात	O
होतात	O
हा	O
आता	O
म्हणजे	O
आमच्याच	O
घरचं	O
उदाहरण	O
त्या	O
स्कूलचे	O
प्रिन्सिपल	O
एवढे	O
चांगले	O
एवढे	O
म्हणजे	O
वेल	O
एज्युकेटेड	O
अन	O
त्यांना	O
बघून	O
आम्ही	O
अॅडमिशन	O
घेतली	O
बट	O
त्यानंतर	O
आम्हाला	O
नव्हतं	O
माहित	O
ना	B-pet_R
की	I-pet_R
शिक्षकांमध्ये	O
त्या	O
म्हणजे	O
हे	O
असेल	O
काय	O
म्हणतो	O
आपण	O
कमी	O
असेल	O
या	O
गोष्टी	O
हो	O
तेव्हा	O
जसे	O
जसे	O
दिवस	O
निघत	O
गेले	O
तसंतसं	O
आम्हाला	O
समजलं	O
की	O
इथं	O
टीचर्स	O
म्हणजे	O
जे	O
आहेत	O
ते	O
चांगलेच	O
नाहीये	O
त्यामुळं	O
मग	O
आम्ही	O
डिसीजनच	O
घेतला	O
की	O
मुलांना	O
असंच	O
पूर्ण	O
जगात	O
आहे	O
आपल्या	O
सुरू	O
झालेलयं	O
हो	O
ना	O
पण	O
कसं	O
आहे	O
जर	O
शिक्षण	O
असेल	O
तर	O
पुढे	O
अर्थ	O
आहे	O
नाही	O
तर	O
जीवनाला	O
अर्थ	O
नाहीये	O
बरोबरे	O
आता	O
साधं	O
आपण	O
एखाद्या	O
क्रीडा	O
शिक्षकाचं	O
म्हण	O
किंवा	O
आपण	O
योग	O
व्यायाम	O
म्हण	O
ते	O
जर	O
चुकीचे	O
शिकवले	O
तर	O
मुलांवर	O
काय	O
परिणाम	O
होईल	O
त्याचा	O
हो	O
ते	O
तर	O
आहेच	O
हीच	O
एक	O
गोष्ट	O
नाही	O
ना	B-pet_R
की	I-pet_R
अ	B-filler_R
मॅथ	O
आणि	O
सायन्स	O
जे	O
काय	O
असेल	O
ते	O
त्याच	O
एक	O
गोष्टी	O
नाही	O
ना	O
पण	O
बाकी	O
गोष्टींमध्ये	O
पण	O
चुकीचं	O
जर	O
शिकवल्या	O
गेल्या	O
त्यांना	O
चुकीचे	O
धडे	O
दिले	O
समजा	O
तर	O
मग	O
कसं	O
त्यांना	O
पुढे	O
कसं	O
जाणार	O
ते	O
हो	O
ना	O
आणि	O
हल्ली	O
काय	O
झालयं	O
शाळेतपण	O
ए	B-pet_R
ना	I-pet_R
शिक्षिका	O
म्हणा	O
शिक्षक	O
म्हणा	O
मोबाईल	O
घेऊन	O
बसतात	O
मुलांकडे	O
लक्ष	O
कमी	O
असतं	O
त्यांचं	O
बरोबर	O
बरोबर	B-repeat_R
त्यामुळं	O
मुलं	O
पण	O
काय	O
करतात	O
अ	B-filler_R
अभ्यासाला	O
टाळाटाळ	O
करतात	O
कंटाळा	O
करतात	O
अरे	O
बाबा	O
शिक्षकच	O
मोबाईल	O
घेऊन	O
बसतात	O
ते	O
शिक्षकच	O
आतबाहेर	O
करताते	O
मग	O
आपण	O
कशाला	O
बसायचयं	O
एवढा	O
वेळ	O
म्हणजे	O
जे	B-repeat_R
आधीचे	O
जे	B-repeat_R
शिस्तप्रती	B-repair_R
शिस्त	I-repair_R
जे	B-repeat_R
शिक्षक	O
होते	O
जे	B-Alteration
शिस्तीचे	I-Alteration
आधी	O
आपण	O
शिक्षकांना	O
किती	O
घाबरायचो	O
आपण	O
वर	O
मानसुद्धा	O
करायचो	O
नाही	O
पण	O
आत्ताची	O
मुलं	O
बापरे	O
मुलांना	O
आत्ता	O
असं	O
झालेलं	O
आहे	O
की	O
आपण	O
आठवण	O
करायचो	O
की	O
मला	O
काय	O
शिकवलं	O
होतं	O
ह्याच्याबद्दल	O
आत्ता	O
मुलं	O
मोबाईल	O
ओपन	O
करतात	O
आणि	O
त्यामध्ये	O
टाकतात	O
की	O
ह्याचं	O
असं	O
असं	O
काय	O
होईल	O
म्हणून	O
हो	O
ना	O
अरे	O
बाबा	O
ते	O
तुम्हाला	O
हेल्प	O
करेल	O
ती	O
एक	O
टेक्नॉलॉजी	O
आहे	O
पण	O
जे	O
शिक्षकांचं	O
जे	O
असते	O
ना	O
शिकवणं	O
हे	O
नेहमीपर्यंत	O
म्हणजे	O
आपण	O
शेवटच्या	O
क्षणापर्यंत	O
आपल्याला	O
आठवण	O
राहते	O
की	O
आपल्याला	O
यांनी	O
काय	O
शिकवलं	O
होतं	O
काय	O
शिकवण	O
दिली	O
होती	O
म्हणजे	O
शिक्षक	O
म्हणजे	O
गुरु	O
मानतो	O
आपण	O
त्यांना	O
हो	O
बरोबर	O
बरोबर	O
पण	O
ते	O
त्यांचेच	O
ते	O
गुरु	O
हि	O
जी	O
शिक्षा	O
आहे	O
ती	O
जर	O
आपल्याला	O
व्यवस्थित	O
नाही	O
मिळाली	O
तर	O
हो	O
ना	O
कशी	O
मुलं	O
पुढे	O
जातील	O
आणि	O
कसं	O
माहिती	O
जर	O
असेल	O
अनुभव	O
असेल	O
त्यांना	O
तरच	O
त्यांचं	O
ज्ञानात	O
रुपांतर	O
होतं	O
हा	O
बरोबर	O
ना	O
बरोबर	B-repeat_R
तेच	O
त्याच्यामुळेच	O
तर	O
ना	O
आता	O
रिझल्ट	O
कमी	O
येणार	O
जर	O
त्यांनी	O
चांगली	O
योग्य	O
शिकवणच	O
दिली	O
नाही	O
तर	O
त्या	O
शाळेचा	O
रिझल्ट्च	O
काय	O
लागणार	O
ना	O
हो	O
आणि	O
आजकाल	O
आपण	O
बघतो	O
किती	O
कमी	O
वयातल्या	O
मुलंमुली	O
पण	O
शाळेत	O
अॅज	O
अ	O
टीचर	O
म्हणून	O
वर्क	O
करत	O
असतात	O
काम	O
करत	O
असतात	O
हं	O
हं	O
हं	O
बरोबरे	O
मग	O
ते	O
काय	O
असतं	O
त्या	O
मुलं	O
म्हणजे	O
आपली	O
मुलं	O
त्यांना	O
दिदी	O
दादा	O
या	O
ह्या	O
नजरेनेच	O
बघत	O
असतात	O
त्यांच्या	O
वयात	O
आणि	O
आपल्या	O
मुलांमध्ये	O
काही	O
एवढं	O
वयाचं	O
अंतर	O
नसतं	O
त्याच्यामुळे	O
त्यांना	O
त्यांच्याबद्दल	O
एवढा	O
रिस्पेक्ट	O
म्हणजे	O
जो	O
आदर	O
असतो	O
तो	O
निर्माण	O
होत	O
नाही	O
नाही	O
ना	O
नाही	O
ना	O
बरोबरे	O
ते	O
आत्ता	O
पण	O
आत्ता	O
ऐकण्यात	O
आहे	O
का	O
जिल्हा	O
परिषदेच्या	O
शाळांमधील	O
विद्यार्थ्यांचीसुद्धा	O
पटसंख्या	O
वाढवण्यासाठी	O
नाही	O
का	O
हा	O
हा	O
सेमीइंग्लिश	O
माध्यम	O
वगैरे	O
सुरू	O
करण्याचा	O
ठराव	O
करताते	O
म्हणजे	O
घेतलाय	O
त्यांनी	O
असा	O
हा	O
हा	O
आणि	O
ते	O
त्याच्यासाठी	O
कमीतकमी	O
म्हणजे	O
पात्रता	O
पण	O
ठेवणार	O
आहे	O
अच्छा	O
म्हणजे	O
जेणेकरून	O
काही	O
पात्रता	O
ठेवली	O
तर	O
समजा	O
आता	O
जे	O
शिक्षकाला	O
योग्य	O
आहे	O
ती	O
पात्रता	O
तर	O
ठेवायलाच	O
लागेल	O
ठेवायलाच	O
पाहिजे	O
हो	O
किंवा	O
ज्यांचं	O
प्रशिक्षण	O
म्हणजे	B-edit_R
असं	I-edit_R
त्यांनी	O
जे	O
सेमीइंग्लिश	O
माध्यमातून	O
देणार	O
आहेत	O
तर	O
त्यांना	O
इंग्लिशचं	O
नॉलेजपण	O
असायला	O
पाहिजे	O
त्या	O
हो	O
हो	O
त्या	O
शिक्षकाला	O
इंग्रजी	O
शिकवण्याची	O
आवडपण	O
असली	O
पाहिजे	O
आवड	O
पण	O
पाहिजे	O
दुसरं	O
म्हणजे	O
आता	O
करताते	O
असं	O
मी	O
ऐकलयं	O
आणि	O
परत	O
त्यासाठी	O
अं	B-filler_R
काय	O
म्हणतो	O
आपण	O
त्याला	O
डीएड	O
बीएड	O
वगैरे	O
जे	O
लागतं	O
ना	O
हो	O
हो	O
त्या	O
गोष्टीचंसुद्धा	O
तर	O
ते	O
येणार	O
आणि	O
त्याच्यानंतर	O
मग	O
त्यांना	O
ट्रेनिंग	O
वगैरे	O
देणार	O
हे	O
सगळं	O
आता	O
म्हणजे	O
सुरू	O
आहे	O
सुरू	O
आहे	O
आता	O
किती	O
अंमलात	O
आणतात	O
अंमलात	O
आणतात	O
त्याच्यावर	O
आहे	O
पण	O
आता	O
काय	O
झालंयं	O
माहिती	O
का	O
पहिल्यासारखे	O
शिक्षक	O
म्हणजे	O
जे	O
आता	O
जी	O
साईड	O
आता	O
लोकं	O
कसं	O
इंजिनियर	O
डॉक्टर	O
या	O
साईडला	O
जास्त	O
जातातेत	O
शिक्षक	O
या	O
साईडला	O
थोडंसं	O
कमी	O
प्रमाणात	O
येतातेत	O
असं	O
नाही	O
वाटत	O
का	O
तुला	O
कमी	O
प्रमाणात	O
बरोबरे	O
हा	O
हा	O
हा	O
नाही	O
ते	O
तर	O
आहेच	O
कारण	O
काय	O
त्यांना	O
काय	O
वाटतयं	O
काय	O
माहिती	O
त्यामध्ये	O
पण	O
आता	O
कुणालाही	O
आपलं	O
ज्ञान	O
दिल्याने	O
वाढतं	O
असं	O
म्हणतात	O
असं	O
त्या	O
एका	O
शिक्षकांनी	O
समजून	O
मुलांना	O
शिकवलं	O
पाहिजे	O
म्हणजे	O
मोठं	O
होऊन	O
त्यांना	O
असं	O
म्हटलं	O
किती	O
किती	O
छान	O
वाटेल	O
की	O
या	O
सरांचा	O
किंवा	O
या	O
मॅडमचा	O
हा	O
विद्यार्थी	O
आहे	O
हो	O
हो	O
नाही	B-pet_R
का	I-pet_R
बरोबर	O
असं	O
एक	O
चांगलं	O
वाटेल	O
त्यांना	O
योग्य	O
शिकवण	O
आता	O
तुम्ही	O
त्यांना	O
हे	B-filler_R
पण	O
देऊ	O
शकता	O
थोडंसं	O
अ	B-filler_R
स्पिरीच्युएल	O
नॉलेज	O
देऊ	O
शकता	O
किंवा	O
कुठल्याही	O
गोष्टींची	O
उदाहरणं	O
देऊन	O
त्यांच्या	O
त्या	O
गोष्टी	O
लक्षात	O
आणू	O
शकता	O
नाही	O
का	O
हो	O
ना	O
तरी	O
म्हणायचो	O
आपल्या	O
वेळेस	O
म्हणायचे	O
ज्ञान	O
वाटल्याने	O
ज्ञान	O
वाढतं	O
हा	O
तर	O
मग	O
आता	O
त्यांच्याजवळच	O
ते	O
नाहीये	O
तर	O
ते	O
मुलांना	O
काय	O
देतील	O
अगं	O
हो	O
ना	O
आणि	O
आता	O
परत	O
प्रशासनाने	O
ऑनलाईन	O
हो	O
लॉकडाऊनपासनं	O
चालूच	O
होतं	O
लॉकडाऊनपासनं	O
तर	O
त्याच्यामुळे	O
तर	O
आणखी	O
जास्त	O
अ	B-filler_R
हे	O
झालेलयं	O
काय	O
की	O
ठिके	O
तिकडे	O
व्हिडिओ	O
सुरू	O
आहे	O
इकडे	O
मुलं	O
इकडे	O
चाललयं	O
काय	O
शिकवतायेत	O
हो	O
कॅमेरे	O
ऑफेत	O
मुलांचे	O
सगळंचं	O
चालूये	O
हा	O
बरोबरे	O
आणि	O
मुलांच्यापेक्षा	O
हो	O
ना	O
पालकांचाच	O
अभ्यास	O
जास्त	O
होता	O
त्या	B-repair_R
पि	I-repair_R
वेळेत	B-Alteration
बरोबरे	O
आणि	O
त्यामुळे	O
काय	O
झालं	O
बऱ्याचशे	O
टीचर	O
त्यांचं	O
म्हणजे	O
जॉबपण	O
गेला	O
असेल	O
वगैरे	O
ना	O
तर	O
त्यामुळेसुद्धा	O
होऊ	O
शकते	O
की	O
त्यांचं	O
जे	O
प्रमाण	O
कमी	O
झालंय	O
आता	O
शिक्षकांचं	O
असं	O
ना	B-pet_R
तर	O
ते	O
हळू	O
हळू	O
व्हायला	O
पाहिजे	O
डेव्हलप	O
पण	O
मला	O
तरी	O
वाटते	O
की	O
शिक्षकांनी	O
शिक्षकासारखं	O
जर	O
त्यांना	O
शिकवण	O
दिली	O
तर	O
मुलांचं	O
भविष्य	O
उज्ज्वल	O
व्हायला	O
म्हणजे	O
मदत	O
होईल	O
मदत	O
होईल	O
हो	O
हो	B-repeat_R
हं	O
बरोबर	O
आहे	O
त्यांना	O
म्हणजे	O
म्हणजे	O
घरच्यांना	O
पालकांना	O
काय	O
करावं	O
लागतं	O
की	O
आता	O
हे	O
चांगलं	O
शिकवत	O
नाहीये	O
मग	O
ट्युशन	O
लावावं	O
लागतेय	O
हो	O
हो	O
म्हणजे	O
इन	B-repair_R
इन	I-repair_R
इन्कम	B-Alteration
जातोच	O
ना	O
त्यांचा	O
पैसे	O
जास्तीचे	O
भरावेच	O
लागतात	O
ना	O
कुठे	O
तरी	O
त्यांना	O
तुम्ही	O
शाळेतही	O
पैसे	O
भरा	O
भरा	O
क्लासलाही	O
पैसे	O
भरा	O
क्लास	O
ट्युशन	O
क्लास	O
लावा	O
मग	O
त्या	O
ट्युशन	O
क्लासमध्ये	O
त्यांना	O
नाही	O
जमलं	O
तर	O
तुम्ही	O
घरी	O
शिकवा	O
आता	O
जे	O
समजा	O
वर्किंग	O
जे	O
आहेत	O
ते	O
नाही	O
एवढा	O
वेळ	O
देऊ	O
शकत	O
ते	O
तर	O
पूर्ण	O
डिपेंड	O
असतात	O
ना	O
शिक्षकांवर	O
हो	O
हो	O
बरोबर	O
की	O
ह्यांना	O
शाळेतच	O
योग्य	O
शिक्षण	O
मिळालं	O
पाहिजे	O
ना	B-repeat_R
पण	O
मग	O
बघूयात	O
आता	O
काय	O
होते	O
ते	O
हो	O
ना	O
हा	O
तर	O
खूप	O
मोठाच	O
म्हणजे	O
विषय	O
आहे	O
गंभीर	O
समस्याच	O
हो	O
गंभीर	O
समस्याच	O
झालेली	O
आहे	O
ही	O
मुलांसाठीपण	O
आणि	O
पालकांसाठीपण	O
कारण	O
त्यावरच	O
मुलांचं	O
भवितव्य	O
भविष्य	O
आहे	O
ना	B-pet_R
हो	O
ना	O
त्यांना	O
आज	O
जर	O
चांगली	O
शाळा	O
किंवा	O
तिथले	O
शिक्षक	O
चांगले	O
नाही	O
मिळाले	O
तर	O
ते	O
पुढे	O
काय	O
करतील	O
आणि	O
आत्ताच्या	O
ह्या	O
जगामध्ये	O
आता	O
आयआयटीला	O
याला	O
त्याला	O
मुलं	O
जाताते	O
किती	O
कॉम्पिटिशन	O
वाढलंय	O
त्यामुळे	O
कसं	O
त्यांना	O
सपोर्ट	O
हा	O
फक्त	O
शिक्षकांचाच	O
आहे	O
शिक्षकांचाच	O
आहे	O
हो	O
हं	O
त्यासाठी	O
शिक्षकांनी	O
व्यवस्थित	O
शिकवणे	O
गरजेचेच	O
आहे	O
मुलांना	O
काळाची	O
गरज	O
झालेली	O
आहे	O
काळाची	O
गरजच	O
झालेली	O
आहे	O
कारण	O
पालकसुद्धा	O
किती	O
मागे	O
लागणार	O
आणि	O
विद्यार्थी	O
असे	O
असतात	O
की	O
पालकांचं	O
कमी	O
ऐकतात	O
शिक्षकांचं	O
जास्त	O
ऐकतात	O
बरोबरे	O
बरोबरे	O
आणि	O
सगळीकडेच	O
असं	O
नाही	O
की	O
सेमीइंग्लिश	O
म्हण	O
का	O
सीबीएससी	O
म्हण	O
का	O
काय	O
असं	O
नाही	O
पण	O
मराठी	O
मिडियममध्येसुद्धा	O
म्हणजे	O
ह्या	O
गोष्टींनी	O
त्यांना	O
हे	O
करायला	O
पाहिजे	O
की	O
कुठल्या	O
गोष्टींनी	O
मुलांवर	O
चांगला	O
परिणाम	O
होईल	O
चांगले	O
संस्कार	O
होतील	O
हो	O
प्राथमिक	O
माध्यमिक	O
विभाग	O
जे	O
पण	O
आहेत	O
हो	O
त्यांनी	O
ते	O
व्यवस्थित	O
त्यांना	O
आधी	O
ट्रेनिंग	O
देऊन	O
त्यांना	O
म्हणजे	O
व्यवस्थित	O
गाईडलाईन	O
करूनच	O
त्यांना	O
हं	O
हं	O
पुढे	O
न्यायला	O
पाहिजे	O
तर	O
मग	O
ते	O
अं	B-filler_R
म्हणजे	O
त्यांच	O
मुलांचंही	O
भवितव्य	O
चांगलं	O
होईल	O
आणि	O
त्यांच्या	O
शाळेचंपण	O
जे	O
आहे	O
ते	O
पण	O
चांगलं	O
होईल	O
नाही	B-pet_R
का	I-pet_R
अ	B-filler_R
हो	O
हो	O
चालेल	O
मग	O
तू	O
बघ	O
कुठे	O
घेते	O
पुढे	O
कसं	O
वाटतयं	O
तुला	O
तुझा	O
अनुभव	O
मला	O
परत	O
सांग	O
मी	O
पण	O
माझा	O
अनुभव	O
सांगेल	O
परत	O
निवांत	O
फोन	O
करू	O
आपण	O
एकमेकींना	O
चालेल	O
चालेल	O
ओके	O
चालेल	O
ओके	O
चल	O
बाय	O
बाय	B-repeat_R
बाय	I-repeat_R
	
Hello	O
Hello	O
हां	O
.	O
	
Hello	O
शीतल	O
आहे	O
का	O
?	O
हां	O
.	O
	
हां	O
,	O
काय	O
करते	O
.	O
	
काय	O
बसलेय	O
.	O
	
आपल्याला	O
आज	O
एका	O
विषयावर	O
थोडं	O
बोलायचं	O
होतं	O
.	O
	
sports	O
बद्दल	O
बरं	O
.	O
	
अं	B-filler_R
sport	O
मध्ये	O
कोणत्या	O
कोणत्या	O
ह्याच्यात	O
तुला	O
आवड	O
आहे	O
?	O
	
धनुर्विद्या	O
hello	O
त्याच्याबद्दल	O
थोडी	O
माहिती	O
सांग	O
ना	O
मला	O
काये	O
कसं	O
काय	O
hello	O
बोल	O
ना	O
सांग	O
ना	O
धनुर्विद्याबद्दल	O
माहिती	O
सांग	O
थोडी	O
.	O
	
सांग	O
ना	O
मग	O
लवकर	O
,	O
phone	O
तसाच	O
ठेऊन	O
बोलत	O
रहा	O
.	O
	
धनुर्विद्या	O
म्हणजे	O
,	O
कसा	O
असतो	O
खेळ	O
?	O
	
खेळ	O
त्याला	O
धनुर्विद्या	O
म्हणजे	O
अं	B-filler_R
बाण	O
चालवणे	O
.	O
	
त्याच्यामध्ये	O
हं	B-filler_R
practice	O
करावी	O
लागते	O
हातांची	O
main	O
म्हणजे	O
हातांवरच	O
असतं	O
सगळं	O
तिचा	O
game	O
हां	O
.	O
	
परत	O
मग	O
आपल्या	O
स्वतःचा	O
bow	O
असणं	O
आवश्यक	O
असतं	O
त्याच्यात	O
,	O
ज्यावेळेस	O
आपण	O
खेळतो	O
त्यावेळीस	O
,	O
हां	O
आधी	O
आपल्याला	O
पूर्ण	O
त्याची	O
माहिती	O
घ्यावी	O
लागते	O
.	O
	
कसं	O
असतंय	O
पूर्ण	O
bow	O
कसा	O
set	O
करायचा	O
,	O
कसा	O
लावायचा	O
.	O
	
हां	O
.	O
त्यानंतर	O
अजुन	O
त्याच्यात	O
काय	O
काय	O
प्रकार	O
आहेत	O
?	O
	
त्याच्यामध्ये	O
आपण	O
स्वतः	O
नाही	O
करू	O
शकत	O
आहे	O
.	O
	
ते	O
समजा	O
.	O
	
Hello	O
स्वतः	O
practice	O
करू	O
शकत	O
नाही	O
आपण	O
,	O
त्याला	O
teaching	O
वगैरेच	O
लागते	O
.	O
	
हां	O
दुसरं	O
शिकवणारं	O
असलं	O
पाहिजे	O
.	O
	
व्यायाम	B-repeat_R
व्यायाम	O
लागत	O
असेल	O
ना	O
त्याला	O
भरपूर	O
?	O
	
व्यायाम	O
लागतो	O
ना	O
हां	O
,	O
सगळं	O
हातांवरच	O
मेहनत	O
आहे	O
त्याची	O
हातावर	O
म्हणजे	O
एवढं	O
ओझं	O
.	O
	
ते	O
बाण	O
आणि	O
ते	O
धनुष्य	O
असतं	O
ते	O
आपलं	O
स्वतःला	O
घ्यावं	O
लागतं	O
का	O
ते	O
?	O
हां	O
.	O
	
हां	O
,	O
स्वतःचा	O
bow	O
स्वतःच	O
घ्यावा	O
लागतो	O
.	O
	
किती	O
रुपयापर्यंत	O
बसतं	O
ते	O
?	O
बसतात	O
,	O
पंधरा	O
सोळा	O
हजारापर्यंत	O
बसतं	O
,	O
hello	O
,	O
हलक्यात	O
हलका	O
घेतला	O
तर	O
पंधरा	O
पर्यंत	O
दहा	O
पर्यंत	O
पण	O
बसतो	O
.	O
	
भारी	O
घ्यायचा	O
म्हनल	O
तर	O
,	O
हां	O
त्याला	O
वयाचं	O
काय	O
limit	O
असतं	O
का	O
?	O
वयाचं	O
काय	O
limit	O
असतं	O
का	O
त्याला	O
?	O
	
आहे	O
ना	O
सत्तावीसपर्यंत	O
.	O
	
पण	O
सत्तावीस	O
वर्षापर्यंत	O
जर	O
आपण	O
एखादं	O
gold	O
silver	O
राज्यस्तरीय	O
जिल्हा	O
जिल्हास्तरीयच	O
तर	O
नाही	O
एवढं	O
काय	O
पण	O
राज्यस्तरीय	O
असलं	O
ना	O
तर	O
पुढे	O
त्याच्या	O
उपयोग	O
होऊन	O
.	O
	
खेळता	O
येतं	O
पुढे	O
मग	O
open	O
मध्ये	O
.	O
	
government	O
नोकरी	O
साथी	O
पण	O
उपयोग	O
होत	O
असेल	O
ना	O
.	O
मग	O
open	O
मधून	O
आपण	O
सव्वीस	O
सत्तावीस	O
हां	O
,	O
म्हणजे	O
सत्तावीस	O
पासून	O
पुढं	O
बत्तीस	O
,	O
तीस	O
,	O
पस्तीस	O
पर्यंत	O
हां	O
,	O
खेळू	O
शकतो	O
आपल्या	O
category	O
नुसार	O
.	O
	
हां	O
.	O
हां	B-filler_R
हां	I-filler_R
त्याचं	O
कसं	O
step	O
असत्यात	O
बरं	O
?	O
	
step	O
असत्यात	O
त्याचे	O
पूर्ण	B-repeat_R
म्हणजे	I-repeat_R
पूर्ण	O
नाही	B-pet_R
का	I-pet_R
अं	B-filler_R
ती	O
गवत	O
type	O
बनवलेली	O
गादी	O
असते	O
.	O
	
त्या	O
गादीला	O
आपले	B-pet_R
म्हणजे	I-pet_R
निशाणा	O
लावण्यासाठी	O
याचा	O
एक	O
chart	O
येतो	O
त्याला	O
round	O
असतंय	O
.	O
	
तीन	O
colour	O
चे	O
.	O
हां	O
,	O
पिवळा	O
,	O
लाल	O
हां	O
,	O
आणि	O
निळा	O
,	O
हे	O
तीन	O
colour	O
असतात	O
.	O
	
मग	O
आपल्या	O
shoot	O
वर	O
आहे	O
.	O
	
किती	O
फुटांवर	O
shoot	O
करायचं	O
?	O
	
दहा	O
फुटांवरून	O
,	O
वीस	O
फुटांहून	O
,	O
तीस	O
फुटांहून	O
.	O
	
हां	O
वीस	O
तीस	O
फुटापर्यंत	O
ते	O
असतं	O
.	O
	
तेवढ्या	O
ह्याच्यातून	O
तेवढं	O
लावायला	O
लागतं	O
ते	O
परत	O
bow	O
set	O
करावं	O
लागतं	O
.	O
	
बरोबर	O
लागण्यासाठी	O
किती	O
अंतर	O
आहे	O
,	O
काय	O
आहे	O
.	O
	
teacher	B-repeat_R
teacher	O
असतील	O
ना	O
शिकवायला	O
त्याला	O
काय	O
सांगायला	O
सगळं	O
?	O
	
हां	O
teacher	O
सगळे	O
,	O
अन्	O
त्याच्यात	O
हे	O
काय	O
असतं	O
?	O
	
लावण्यापासून	O
व्यायामपर्यंत	O
.	O
	
risk	B-repeat_R
risk	I-repeat_R
risk	O
factor	O
काय	O
असतो	O
त्याच्यात	O
?	O
	
ते	O
open	O
कुठंपण	O
खेळता	O
येत	O
नाही	O
त्याला	O
एक	O
stadium	O
च	O
असतो	O
की	O
तिथं	O
आजूबाजूला	O
.	O
	
शंभर	O
दोनशे	O
meter	O
वर	O
.	O
	
teacher	B-repeat_R
ची	I-repeat_R
teacher	O
ची	O
fee	O
असलं	O
ना	O
त्याची	O
काही	O
?	O
	
काय	O
?	O
teacher	O
ची	O
fee	O
?	O
	
fee	O
असती	O
ना	O
हां	O
मग	O
तेच	O
विचारतोय	O
teacher	O
ची	O
fee	O
किती	O
आहे	O
?	O
	
फुकट	O
कोण	O
शिकवतंय	O
?	O
	
फुकट	O
कोणी	O
नाही	O
शिकवत	O
आता	O
.	O
	
अं	B-filler_R
काय	O
म्हणले	O
?	O
	
शिकवत	O
नाही	O
तसं	O
.	O
	
किती	O
आहे	O
त्याची	O
?	O
	
fee	O
शिवाय	O
शिकवत	O
नहीं	O
कोणी	O
आता	O
.	O
	
हां	O
का	O
.	O
महिना	O
व्हावा	O
लागतोय	O
.	O
	
कितीही	O
महिन्याचं	O
केलं	O
तर	O
.	O
	
तरी	O
सहा	O
हजार	O
रुपये	O
का	O
काही	O
हां	O
,	O
आणि	O
per	O
महिना	O
म्हंटल	O
तर	O
अकराशे	O
रुपये	O
का	O
काहीतरी	O
.	O
	
हां	O
हां	O
.	O
	
नाही	B-filler_R
नाही	I-filler_R
महिन्याची	O
अकराशे	O
की	O
काहीतरी	O
होती	O
अन	O
असं	O
जर	O
समजा	O
तुम्ही	O
म्हणजे	O
सहा	O
महिन्याचं	O
किंवा	O
वर्षाचं	O
करणार	O
असेल	O
तर	O
ते	O
सात	O
का	O
आठ	O
हजार	O
रुपये	O
घेत्यात	O
.	O
	
हां	O
.	O
आणि	O
अं	B-filler_R
सात	O
का	O
आठ	O
हजार	O
रुपये	O
?	O
	
हां	O
.	O
एक	O
वर्षासाठी	O
का	O
वर्षाचं	O
package	O
का	O
?	O
वर्षाचं	O
package	O
आहे	O
ते	O
आणि	O
महिना	O
म्हंटल	O
तर	O
अकराशे	O
रुपये	O
,	O
बाराशे	O
रुपये	O
,	O
आपल्या	O
timing	O
वर	O
परत	O
ते	O
.	O
हां	O
हां	O
आणि	O
अं	B-filler_R
तू	O
ते	O
किती	O
package	O
म्हणजे	O
सहा	O
महिन्याला	O
किती	O
म्हणली	O
?	O
	
सहा	O
महिन्याचे	O
आठ	O
आठ	O
हजार	O
घेतात	O
.	O
	
म्हणजे	O
वर्षाला	O
सोळा	O
हजार	O
पण	O
वर्षाला	O
कमी	O
पैसे	O
घेत	O
असतील	O
ना	O
थोडे	O
दहा	O
बारा	O
हजार	O
रुपये	O
.	O
	
~	O
[	O
Unclear	O
]	O
ते	O
बाण	O
खराब	O
होत	O
असतील	O
ना	O
त्याचे	O
ते	O
बाण	O
मारून	B-repeat_R
मारून	O
त्याला	O
पैसे	O
लागत	O
असतील	O
परत	O
.	O
	
arrow	O
नाही	O
खराब	O
होत	O
,	O
एखाद्यावेळेस	O
होतो	O
arrow	O
पण	O
खराब	O
का	O
तर	O
त्या	O
गादीस	O
काही	O
problem	O
आला	O
ना	O
.	O
arrow	O
खराब	O
दिसला	O
.	O
	
फक्त	O
त्याचं	O
ते	O
ते	O
बांबू	O
भेटतात	O
ते	O
ते	O
आपलं	O
sport	O
academy	O
हे	O
असतं	O
ना	O
दुकान	O
.	O
	
हां	O
.	O
तिथं	O
भेटल	O
त्याचं	O
arrow	O
पण	O
भेटत्यात	O
त्याची	O
पुढची	O
bullet	O
पण	O
भेटती	O
.	O
	
हां	O
हां	O
तेच	O
म्हंटल	O
की	O
त्याचं	O
काय	O
कसं	O
काय	O
.	O
	
Bullet	O
type	O
च	O
टोक	O
असतं	O
.	O
	
हां	O
,	O
Gun	O
Gun	O
ला	O
कसं	O
आपण	O
bullet	O
टाकल्याशिवाय	O
चालत	O
नाही	O
तसंच	O
.	O
	
आणि	O
अं	B-filler_R
तेच	O
म्हंटल	O
आणि	O
त्याच्यात	O
शिक्षक	O
लोकं	O
पूर्ण	O
वेळ	O
आता	O
तुम्हाला	O
सांगतो	O
सुरवातीला	O
सुरवातीला	O
हे	O
करत	O
असतील	O
ना	O
.	O
सगळी	O
training	O
दिली	O
जाते	O
हं	O
ज्यावेळेस	O
आपण	O
तिथं	O
जातो	O
ना	O
.	O
हं	B-filler_R
.	I-filler_R
तिथं	O
पूर्ण	O
training	O
माहिती	O
सांगितली	O
जाती	O
.	O
	
वयांची	O
अट	O
सांगितली	O
जाती	O
.	O
	
माहिती	O
सांगितली	O
जाती	O
.	O
	
हं	O
त्या	O
माहितीनुसार	O
आपण	O
कोणत्या	O
game	O
मध्ये	O
बसतो	O
ते	O
आधी	O
ते	O
सांगताहेत	O
मग	O
त्या	O
game	O
साठी	O
आपण	O
पात्र	O
आहेत	O
का	O
नाही	O
ते	O
पात्रता	O
बघत्यात	O
आपली	O
.	O
	
हं	O
,	O
वजन	O
वगरे	O
असेल	O
ना	O
त्याला	O
,	O
वजन	O
,	O
हं	O
fee	O
वगैरे	O
जर	O
इथून	O
भरायचं	O
असेल	O
open	O
मध्ये	O
करायचं	O
असल	O
तर	O
स्वतःच	O
शिकावं	O
लागतं	O
सगळं	O
हं	O
दुसरीकडे	O
पैसे	O
खर्च	O
करून	O
हां	O
.	O
	
आणि	O
नंतर	O
जर	O
तुम्हाला	O
असं	O
वाटलं	O
की	O
आता	O
आपण	O
स्वतः	O
शिकू	O
शकतो	O
पण	O
तसं	O
नाही	O
आहे	O
जोपर्यंत	O
एखादं	O
सरांच्या	O
हाताखाली	O
train	O
होत	O
नाही	O
तोपर्यंत	O
आपण	O
स्वतः	O
arrow	O
कसा	O
चालवायचा	O
हा	O
कधीच	O
शिकवू	O
शकत	O
नाही	O
.	O
	
मग	O
,	O
जोपर्यंत	O
सरांकडून	O
आपण	O
शिकत	O
नाही	O
तोपर्यंत	O
हं	B-filler_R
तो	O
arrow	O
आपण	O
चालवू	O
शकत	O
नाही	O
स्वतः	O
हां	O
जो	O
चाळीसपर्यंत	O
पन्नासपर्यंत	O
निशाणा	O
व्यवस्थित	O
लावता	O
येतो	O
ते	O
चांगल्या	O
शिकाऊ	O
सरांकडूनच	O
शिकू	O
शकतो	O
,	O
असं	O
आपण	O
स्वतः	O
नाही	O
शिकू	O
शिकत	O
.	O
	
आणि	O
ते	O
तू	O
वयाचं	O
सांगितलं	O
सत्ताविस	O
वर्षापर्यंत	O
पण	O
start	O
कितीपासून	O
आहे	O
?	O
	
दहा	O
बारा	O
सुरवातीपासून	O
वय	O
असतं	O
ना	O
पाच	O
वर्षापासून	O
,	O
सात	O
वर्षापासून	O
?	O
	
आहे	O
ना	O
त्याला	O
,	O
चौथी	B-repeat_R
चौथी	O
पासूनच	O
start	O
होतंय	O
ते	O
.	O
असं	O
आहे	O
का	O
?	O
तर	O
माझे	O
दोन	O
मुलं	O
आहेत	O
ना	O
मला	O
त्यांना	O
शिकवायचं	O
आहे	O
हे	O
.	O
चालतंय	O
ना	O
मग	O
हं	O
लवकर	O
केलं	O
तर	O
,	O
लवकर	O
चांगलं	O
येईल	O
age	O
problem	O
येत	O
नाही	O
पुढं	O
मग	O
.	O
	
एक	O
बारावी	O
ला	O
आहे	O
.	O
	
add	O
करणार	O
आपण	O
तेवढं	O
लवकर	O
चांगलं	O
त्यांना	O
ते	O
समजतं	O
game	O
विषयी	O
,	O
माहिती	O
कळती	O
.	O
	
आवड	O
निर्माण	O
होती	O
त्याबद्दल	O
.	O
	
तू	O
किती	O
वर्षापासून	O
start	O
केलतं	O
?	O
	
पाच	O
सहा	O
वर्षापूर्वी	O
केलतं	O
चालू	O
.	O
	
पाच	O
वर्षाचे	O
असताना	O
?	O
	
पाच	O
,	O
सहा	O
वर्षापूर्वी	O
केलतं	O
,	O
म्हणजे	O
मी	O
त्यावेळेस	O
first	O
year	O
ला	O
होते	O
त्यावेळेस	O
.	O
	
पाच	O
सहा	O
वर्षापूर्वी	O
म्हणजे	O
त्यावेळेस	O
बाण	O
उचलला	O
नसता	O
हातानं	O
.	O
	
तसं	O
काय	O
नाही	O
आहे	O
बाणाचं	O
अ	B-filler_R
मापापासून	O
आहे	O
.	O
	
म्हणजे	O
लहान	O
पोराला	O
वेगळे	O
असत्यात	O
का	O
?	O
लहान	O
पोराला	O
वेगळे	O
असत्यात	O
का	O
?	O
हम्म	O
arrow	O
काय	O
मोठा	O
arrow	O
थोडी	O
देतो	O
ना	O
आपण	O
,	O
लहान	O
लेकराला	O
मोठा	O
arrow	O
थोडीच	O
देणार	O
ना	O
,	O
त्याच्या	O
मापचाच	O
हे	O
arrow	O
देणार	O
ना	O
!	O
असं	O
आहे	O
का	O
,	O
हम्म	B-filler_R
मग	O
arrow	O
म्हणजे	O
लहान	O
पोरांचे	O
वेगळे	O
असते	O
अन	O
मोठ्या	O
माणसांचे	O
वेगळे	O
असते	O
?	O
	
वेगवेगळं	O
असतं	O
.	O
	
हां	O
.	O
मोठ्यांना	O
तर	O
सहा	O
सात	O
किलोचा	O
आठ	O
किलोचा	O
असतो	O
.	O
	
हं	O
लहानांचा	O
हं	O
दोन	O
किलोपासून	O
असतो	O
.	O
	
हां	O
.	O
त्याच्यासाठी	O
तर	O
मंग	O
काही	O
काही	O
लोकं	O
नाही	B-pet_R
का	I-pet_R
मग	O
आधीच	O
लेकरांना	O
train	O
करतात	O
.	O
	
हं	O
हं	O
त्यांचे	O
हात	O
कमजोर	O
नसायला	O
पाहिजेत	O
.	O
	
सगळा	O
हातांवर	O
खेळ	O
आहे	O
हात	O
जेवढे	O
मजबूत	O
असतील	O
,	O
हम्म	O
तेवढा	O
तो	O
game	O
चांगला	O
खेळू	O
शकतो	O
लेकरू	O
.	O
	
हां	O
आणि	O
लहान	O
पोरांना	O
त्यांची	O
fee	O
वगैरे	O
असल	O
ना	O
?	O
fee	O
वेगळी	O
तितकीच	O
राहती	O
का	O
तर	O
सगळी	O
training	O
तीच	O
दिली	O
जाती	O
ना	O
.	O
fee	O
सगळ्यांना	O
same	O
च	O
राहती	O
का	O
?	O
same	O
च	O
असती	O
त्यातच	O
सगळं	O
त्याच्यात	O
same	O
जे	O
मोठ्यानं	O
शिकवतात	O
ते	O
लहानांना	O
पण	O
शिकवावच	O
लागते	O
हां	O
.	O
	
आणि	O
त्यांना	B-repair_R
sir	O
त्यांचे	B-Alteration
वेगळे	O
असत्यात	O
का	O
same	O
तुमचे	O
आणि	O
त्यांचे	O
sir	O
एकच	O
?	O
	
नाही	O
group	O
three	O
type	O
असत्यात	O
,	O
ABC	O
तीन	O
.	O
	
हां	O
तेच	O
कसा	O
असत्यात	O
?	O
	
आठपर्यंत	O
वेगळे	O
असत्यात	O
.	O
	
आठ	O
ते	O
first	O
year	O
पर्यंत	O
वेगळे	O
असत्यात	O
.	O
	
हां	O
.	O
आणि	O
first	O
year	O
पासून	O
open	O
पर्यंत	O
वेगळे	O
असत्यात	O
sir	O
लोकं	O
,	O
म्हणजे	O
senior	O
त्यांचे	O
junior	O
त्यांचं	O
असे	O
मग	O
त्यांना	O
ते	O
त्यांच्या	O
पदवीनूसार	O
दिलं	O
जातं	O
.	O
	
हां	O
तुमच्या	O
group	O
मध्ये	O
असतील	O
ना	O
लहान	O
पोरं	O
?	O
	
group	O
मध्ये	O
नसतं	O
ते	O
group	O
मध्ये	O
पण	O
असतं	O
,	O
पण	O
,	O
मोठ्याल्यांच्या	O
ह्याच्यात	O
नाही	O
आहे	O
ते	O
.	O
नाही	O
का	O
?	O
हं	O
हं	O
.	O
तू	B-repeat_R
तू	O
गेलती	O
का	O
नाही	O
राष्ट्रीय	O
level	O
ला	O
international	O
level	O
ला	O
?	O
हं	O
hello	O
madam	O
आवाज	O
येतोय	O
का	O
?	O
हां	O
येतोय	O
,	O
हां	O
म्हंटल	O
तुम्ही	O
तुम्ही	O
खेळल्या	O
होत्या	O
का	O
नाही	O
वरती	O
?	O
	
मी	O
नाही	O
मी	O
राज्यस्तरीय	O
पर्यंतच	O
खेळले	O
.	O
	
हां	O
का	O
?	O
मग	O
राज्यस्तरीय	O
certificate	O
वगैरे	O
आहे	O
का	O
नाही	O
आपल्याकडं	O
?	O
	
आहे	O
ना	O
.	O
त्याची	O
ते	O
राज्यस्तरीय	O
खेळण्यासाठी	O
त्याची	O
तयारी	O
वेगळी	O
असेल	O
ना	O
काही	O
?	O
	
जेव्हा	O
आपण	O
जिल्हास्तरीय	O
निवड	O
होती	O
तेव्हाच	O
आपल्याला	O
राज्यस्तरीय	O
साठी	O
खेळण्यासाठी	O
,	O
हां	O
,	O
मग	O
सगळ्यांचीच	O
निवड	O
नसेल	O
ना	O
होत	O
,	O
त्याला	O
काहीतरी	O
training	O
वेगळी	O
असेल	O
ना	O
थोडीफार	O
तिथपर्यंत	O
जाण्यासाठी	O
?	O
	
तसं	O
नसतंय	O
game	O
असतोय	O
olympic	O
ची	O
game	O
असती	O
की	O
न्हाई	O
olymic	O
ला	O
तर	O
नाही	O
सध्या	O
आता	O
direct	O
घेत	O
,	O
पण	O
पहिलं	O
जिल्हास्तरीय	O
खेळावं	O
लागतं	O
मग	O
जिल्हास्तरीयतुन	O
राज्यस्तरीय	O
आपली	O
निवड	O
होती	O
.	O
	
हं	O
आणि	O
ज्यावेळेस	O
आपली	O
निवड	O
होती	O
त्यावेळेस	O
आपला	O
एक	O
स्वतःचा	O
tact	O
वर	O
असतो	O
.	O
	
हां	O
.	O
त्या	O
मग	O
tact	O
नुसार	O
आपल्याला	O
कुठल्यातरी	O
संस्थेमार्फत	O
खेळायचं	O
असेल	O
तर	O
संस्थेमार्फत	O
खेळू	O
शकतो	O
.	O
	
कुठल्या	O
club	O
तर्फे	O
खेळायचं	O
असेल	O
तर	O
club	O
तर्फे	O
,	O
जर	O
आपले	O
event	O
चांगले	O
असेल	O
तर	O
आपण	O
club	O
तर्फे	O
पण	O
खेळू	O
शकतो	O
.	O
	
जर	O
आपले	O
event	O
चांगले	O
असले	O
तर	O
आपल्याला	O
club	O
वालेच	O
म्हणतात	O
की	O
आमच्याकडून	O
खेळा	O
,	O
आम्ही	O
तुम्हाला	O
support	O
करतो	O
मग	O
त्याच्यातून	O
पुढे	O
जाऊ	O
शकतो	O
माणूस	O
.	O
	
म्हणजे	O
तुमचं	O
सगळं	O
खेळण्यावर	O
depend	O
आहे	O
निवड	O
होणं	O
कुठे	O
काय	O
.	O
	
सगळ्यागोष्टी	O
,	O
निवड	O
सगळ्यात	O
पहिली	O
main	O
म्हंटल	O
तर	O
जिल्हास्तरीय	O
.	O
	
जिल्हास्तरीयवर	O
निवड	O
झाली	O
तर	O
तोच	O
व्यक्ती	O
पुढं	O
जाऊन	O
राज्यस्तरीयला	O
खेळू	O
शकतो	O
.	O
	
हां	O
का	O
.	O
निवड	O
होणं	O
महत्वाची	O
,	O
निवड	B-pet_R
निवड	O
व्हायला	O
पण	O
त्याला	O
लई	O
struggle	O
लागत	O
असणार	O
सहजासहजी	O
नसेल	O
होत	O
?	O
	
सहजा	O
सहज	O
नाही	O
होत	O
.	O
	
हां	O
तुमच्या	O
group	O
मधले	O
गेलते	O
का	O
नाही	O
कोणी	O
?	O
	
गेलेलेत	O
ना	O
.	O
वशिला	O
चालत	O
असल	O
ना	O
तिथं	O
का	O
नाही	O
चालत	O
?	O
	
वशिला	O
नाही	O
चालत	O
.	O
	
अजिबात	O
?	O
चालणाऱ्याला	O
चालतं	O
पण	O
आपल्या	O
कष्ट	O
करणाऱ्या	O
लेकरांना	O
नाही	O
चालत	O
,	O
कुठून	O
पैसा	O
देणार	O
एवढाला	O
?	O
	
वशिला	O
चालत	O
असल	O
असं	O
म्हणायचं	O
आहे	O
?	O
	
चालतो	O
ना	O
.	O
आतापर्यंत	O
किती	O
बाण	O
तुटले	O
तुझ्याकडून	O
?	O
	
arrow	O
कधीच	O
कुणाकडून	O
तुटत	O
नसतो	O
.	O
	
एवढा	O
कडक	O
असतं	O
का	O
ते	O
?	O
लवचिकचं	O
असतो	O
पण	O
त्याला	O
वापरण्याची	O
tact	O
असते	O
एक	O
,	O
arrow	O
कधीच	O
कुणाचा	O
तुटत	O
नाही	O
,	O
स्वतःचा	O
कधीच	O
नसतो	O
तो	O
.	O
माणसाला	O
मारल्यावर	O
माणूस	O
मरुन	O
राहतोय	O
हाय	O
ना	O
?	O
मग	O
सांगितलं	O
ना	O
त्याला	O
security	O
असती	O
.	O
	
हं	O
त्याच्यात	O
point	O
असतात	O
त्याचे	O
ती	O
एक	O
bullet	O
type	O
आहे	O
bullet	O
जी	O
आपण	O
revolver	O
ला	O
वापरतो	O
ना	O
हां	O
.	O
	
तशी	O
.	O
हां	O
हां	O
.	O
	
जर	O
एक	O
सहा	O
आठ	O
इंची	O
गादी	O
फाडून	O
जर	O
तो	O
बाण	O
बाहेर	O
निघू	O
शकतो	O
तर	O
एक	O
माणसाला	O
का	O
चिरू	O
शकत	O
नाही	O
तो	O
.	O
हम्म	O
बरोबर	O
आहे	O
.	O
	
सहज	O
माणसाला	O
मारील	O
राव	O
ते	O
बाण	O
हां	O
.	O
	
हम्म	O
,	O
शरीर	O
मधून	O
आर	O
पार	O
जातो	O
.	O
	
त्याचा	O
गैरवापर	O
बी	O
करत	O
असतील	O
?	O
	
आठ	O
इंचाची	O
गादी	O
जर	O
फाडून	O
जातोय	O
म्हणल्यानंतर	O
तो	O
माणसाला	O
का	O
फाडणार	O
नाही	O
.	O
	
त्याचा	O
गैरवापरच	O
करत	O
असतील	O
काहीजणं	O
?	O
	
अं	B-filler_R
Court	O
मध्ये	O
असले	O
तर	O
काहीतरी	O
कूट	O
लगते	O
त्यावेळेसच	O
,	O
बोधि	O
ला	O
जाता	O
आपण	O
.	O
	
ते	O
आता	O
हे	O
धनुर्विद्याविषयी	O
झालं	O
हे	O
धनुर्विद्याची	O
एवढीच	O
माहिती	O
आहे	O
का	O
?	O
अजून	O
काय	O
आहे	O
याच्याबद्दल	O
?	O
	
आहे	O
ना	O
चांगलं	O
जर	O
खेळलो	O
राज्यस्तरीय	O
,	O
राज्यस्तरीयमध्ये	O
जर	O
समजा	O
आपल्याला	O
gold	O
मिळालं	O
,	O
silver	O
मिळालं	O
.	O
	
आपल्याला	O
government	O
job	O
साठी	O
चांगलं	O
फायद्याचं	O
आहे	O
ते	O
आपल्याला	O
जर	O
government	O
मध्ये	O
job	O
घ्यायचा	O
असेल	O
तर	O
त्यावेळी	O
तर	O
आपल्याला	O
लेखी	O
नाही	O
आहे	O
फक्त	O
ground	O
च	O
आहे	O
.	O
	
आपल्याला	O
का	O
?	O
म्हणजे	O
आपल्या	O
caste	O
मुळं	O
का	O
?	O
caste	O
मुळं	O
नाही	O
जो	O
राज्यस्तरीय	O
खेळायला	O
जातो	O
,	O
हं	O
समजा	O
त्याच्याकडे	O
gold	O
आहे	O
silver	O
आहे	O
.	O
	
हां	O
.	O
तर	O
त्याला	O
,	O
government	O
च्या	O
survey	O
साठी	O
त्याला	O
पुढं	O
अडचणी	O
येत	O
नाहीत	O
.	O
	
अडचणी	O
तरी	O
काय	O
पण	O
त्याला	O
physical	O
असतं	O
फक्त	O
लेखी	O
नसती	O
त्यांना	O
.	O
	
हं	O
,	O
हे	O
झालं	O
धनुर्विद्याविषयी	O
,	O
अजून	O
तू	O
कोणतातरी	O
खेळ	O
खेळत	O
होती	O
ना	O
?	O
अजून	O
काहीतरी	O
सांगितलं	O
ना	O
कबड्डी	O
का	O
खो	O
खो	O
काहीतरी	O
बोलली	O
होती	O
ना	O
?	O
बोललो	O
होतो	O
मागं	O
.	O
	
मी	O
कबड्डी	O
दहावीपर्यंत	O
खेळत	O
होते	O
मी	O
.	O
दहावीपर्यंत	O
का	O
?	O
हम्म	O
कबड्डी	O
कबड्डी	O
म्हणजे	O
किती	O
अं	B-filler_R
किती	O
player	O
लागत्यात	O
बरं	O
कबड्डीसाठी	O
?	O
	
अकरा	B-repeat_R
अकरा	O
.	O
	
fix	O
अकरा	O
असतात	O
का	O
आपल्या	O
मनावर	O
असतं	O
काय	O
,	O
आपण	O
म्हणू	O
तसं	O
आठच	O
घ्यायचे	O
,	O
सातच	O
घ्यायचे	O
,	O
आम्ही	O
नाही	O
का	O
पहिल्यांदा	O
गावाकडं	O
खेळायचो	O
ह्यो	O
माझ्याकडून	O
त्यो	O
तुझ्याकडून	O
असे	O
आठ	O
आणि	O
सात	O
तसं	O
इकडे	O
इकडे	O
कसे	O
खेळत्यात	O
बरं	O
?	O
	
तसं	O
नाही	O
ना	O
.	O
मग	O
,	O
किती	O
असत्यात	O
इकडं	O
?	O
	
म्हणजे	O
सगळे	O
total	O
बारा	O
असत्यात	O
.	O
	
दोन	O
pole	O
पाशी	O
असत्यात	O
ना	O
आणि	O
हं	O
आपण	O
म्हणतो	O
कधी	O
खेळायचं	O
आहे	O
,	O
साधारण	O
खेळताना	O
pole	O
पाशी	O
धरतो	O
दोन	O
.	O
	
हां	O
.	O
तशी	O
तिथं	O
खेळताना	O
pole	O
नसत्यात	O
ना	O
आठच	B-repeat_R
असत्यात	I-repeat_R
हं	I-repeat_R
आपले	O
आठ	O
असत्यात	O
.	O
	
हं	O
समोरच्याचे	O
पण	O
आठ	O
असत्यात	O
.	O
	
हां	O
ते	O
कसं	O
करायचं	O
मग	O
ते	O
पुढचं	O
नियोजन	O
?	O
	
ground	O
असतं	O
,	O
रोज	O
practice	O
असती	O
.	O
	
आणि	O
आठ	O
आठ	O
आठ	O
player	O
असतो	O
ना	O
umpire	O
वगैरे	O
असतो	O
ना	O
त्याच्यासाठी	O
?	O
	
umpire	O
वगैरे	O
कसं	O
असेन	O
त्याच्यात	O
?	O
	
कबड्डी	B-repeat_R
कबड्डी	I-repeat_R
कबड्डी	O
चांगली	O
का	O
हे	O
चांगलं	O
बरं	O
धनुर्विद्या	O
?	O
	
हां	O
मुलीसांठी	O
best	O
कोणतं	O
?	O
	
कब्बड्डी	O
मध्ये	O
हातपाय	O
तुटण्याची	O
शक्यता	O
असती	O
.	O
	
तसंच	O
ह्याच्यात	B-filler_R
धनुर्विद्यामध्ये	O
हातपाय	O
तुटण्याची	O
शक्यता	O
नसती	O
.	O
	
पण	O
एखांदा	O
बाण	O
घुसला	O
पोटात	O
बीटात	B-filler_R
तर	O
?	O
	
security	O
असती	O
पूर्ण	O
त्याला	O
.	O
	
एखांद	O
डोकं	O
फिरलं	O
समजा	O
तिथं	O
बाहेर	O
त्याच्यावर	O
जास्त	O
लोकसंख्या	O
नसती	O
.	O
	
धनुर्विद्या	O
करताना	O
helmet	O
वगैरे	O
पुढं	O
काय	O
ह्या	O
गोष्टी	O
नसतात	O
का	O
precautions	O
?	O
	
तसं	O
काय	O
नसतय	O
.	O
	
इकडं	O
कबड्डीला	O
सुद्धा	O
काय	O
नसतं	O
.	O
	
कबड्डीला	O
risk	O
च	O
आहे	O
सगळी	O
आहे	O
का	O
नाही	O
पडलं	O
,	O
लागतंय	O
कुठं	O
काही	O
होतंय	O
.	O
	
कबड्डी	O
खेळली	O
का	O
नाही	O
जिल्हा	O
level	O
ला	O
?	O
हां	O
जिल्हास्तरीय	O
खेळली	O
.	O
	
हां	O
किती	O
player	O
असत्यात	O
म्हंटले	O
कबड्डीत	O
?	O
	
आठ	O
.	O
आठ	O
का	O
?	O
हम्म	O
आणि	O
त्याला	O
हे	O
असल	O
ना	O
म्हणजे	O
वजन	O
वगैरे	O
बघून	O
घेत	O
असल	O
ना	O
कबड्डीत	O
,	O
काय	O
कबड्डीत	O
कसले	O
बी	O
नसतील	O
घेत	O
?	O
	
नाही	O
आहे	O
वजनाचं	O
आहे	O
ना	O
.	O
हां	O
group	O
मध्ये	O
तेच	O
म्हणतो	O
कबड्डी	O
जेवढे	O
group	O
मध्ये	O
आठ	O
जण	O
आहेत	O
तेवढ्यांचे	O
पण	O
हं	O
अं	B-filler_R
weight	O
एकसारखं	O
असतं	O
.	O
	
हां	O
.	O
जास्त	O
जाडही	O
नाही	O
आणि	O
जास्त	O
हे	O
ही	O
नाही	O
.	O
	
पण	O
जास्त	O
strong	O
च	O
लागत	O
असल	O
ना	O
तिथं	O
?	O
	
ताकतीचाच	O
खेळ	O
आहे	O
तिथं	O
.	O
	
तेच	O
म्हंटल	O
कारण	O
ते	O
ताकतीवर	O
ताकतीवर	O
सगळं	O
आहे	O
.	O
	
असा	O
कही	O
नसतं	O
,	O
हां	O
ताकतीवर	O
आणि	O
बुद्धीवर	O
पण	O
खेळ	O
आहे	O
.	O
	
हं	O
.	O
कसं	O
काय	O
सांग	O
बघू	O
.	O
	
हं	O
पूर्ण	O
पाय	O
आणि	O
त्याची	O
movement	O
सगळं	O
ते	O
व्यवस्थित	O
शिकवलं	O
जात्यात	O
practice	O
मध्ये	O
त्यांना	O
.	O
	
हां	O
हां	O
आणि	O
हे	O
काय	O
असतं	O
त्याच्यात	O
अजुन	O
तर	O
bonus	O
point	O
आणि	O
ते	O
काय	O
असतं	O
नेमकं	O
कसं	O
असतं	O
बरं	O
ते	O
?	O
कबड्डीमध्ये	O
bonus	O
point	O
म्हणतात	O
bonus	B-repeat_R
point	I-repeat_R
जर	O
पण	O
तिने	O
एकपण	O
player	O
तुमचा	O
out	O
नाही	O
झाला	O
तर	O
त्याला	O
bonus	O
point	O
दिला	O
जातो	O
.	O
	
हां	O
का	O
?	O
एकही	O
player	O
out	O
नाही	O
झाला	O
.	O
	
हां	O
.	O
आणि	O
न	O
out	O
होताच	O
जर	O
तुम्ही	O
पुढं	O
सरकले	O
हां	O
तर	O
त्याला	O
bonus	O
point	O
असतो	O
का	O
?	O
हां	O
तर	O
त्याला	O
bonus	O
point	O
दिला	O
जातो	O
.	O
	
हां	O
हां	O
आणि	O
एक	O
game	O
किती	O
वेळ	O
चालती	O
बरं	O
?	O
	
अं	O
एक	O
game	O
काय	O
दोन	O
चालू	O
तीन	O
चार	O
दिवस	O
चालू	O
राहतात	O
आता	O
ते	O
ह्याच्यानुसार	O
असतात	O
मैच	O
किती	O
ते	O
हां	O
तू	O
सांगत	O
रहा	O
ना	O
मला	O
मी	O
माहिती	O
विचारतो	O
तशी	O
कारण	O
मला	O
माहित	O
नाही	O
त्याच्यामुळं	O
मी	O
तुला	O
विचारात	O
असतो	O
नेमकं	O
काय	O
कसं	O
तू	O
sportman	O
आहे	O
ना	O
तुला	O
माहिती	O
आहेत	O
सगळ्या	O
गोष्टी	O
,	O
तू	O
बोलत	O
राहा	O
मी	O
जे	O
प्रश्न	O
विचारेन	O
त्याची	O
उत्तरं	O
देत	O
रहा	O
मला	O
फक्त	O
हां	O
,	O
चालेल	O
.	O
	
height	B-repeat_R
height	O
आणि	O
weight	O
असतं	O
का	O
त्याच्यात	O
?	O
	
आ	O
हाय	O
ना	O
weight	O
पण	O
लागतं	O
ना	O
weight	O
same	O
लागतं	O
सगळ्या	O
group	O
मध्ये	O
हां	O
हां	O
म्हणजे	O
same	O
लई	O
weak	O
घेत	O
नसतील	O
एखांदी	O
चांगली	O
खेळायची	O
इच्छा	O
आहे	O
का	O
नाही	O
मुलीची	O
मला	O
कबड्डी	O
खेळायची	O
आहे	O
आणि	O
तिची	O
तब्येत	O
वगैरे	O
चांगली	O
नसेल	O
हां	O
का	O
.	O
क्षमता	O
बी	O
test	O
करत्यात	O
ना	O
ती	O
कितीवेळा	O
किती	O
वेळपर्यंत	O
ती	O
कबड्डी	O
कबड्डी	O
म्हणू	O
शकती	O
.	O
	
हां	O
हां	B-repeat_R
हां	I-repeat_R
.	O
	
ते	B-repeat_R
किती	I-repeat_R
किती	I-repeat_R
ते	O
किती	O
वेळ	O
असतं	O
बरं	O
?	O
	
ते	O
timing	O
असतं	O
.	O
	
किती	O
वेळ	O
असतो	O
?	O
	
काहीतरी	O
अकरा	O
second	O
का	O
काहीतरी	O
असतंय	O
वाटतं	O
.	O
	
हां	O
हां	B-repeat_R
हां	I-repeat_R
.	O
	
जोपर्यंत	O
ते	O
कबड्डी	O
कबड्डी	O
म्हणत	O
हां	O
तेच	O
म्हंटल	O
ते	O
किती	O
वेळ	O
असतं	O
ते	O
कबड्डी	O
कबड्डी	O
म्हणतो	O
आणि	O
मग	O
त्याला	O
धरतात	O
बाकीचे	O
.	O
	
ते	O
असतं	O
ते	O
अकरा	O
अकाराचं	O
minute	O
असतं	O
पण	O
तोपर्यंत	O
जर	O
समोरच्यानीं	O
हार	O
नाही	O
मानली	O
तर	O
ते	O
चालू	O
राहू	O
शकतं	O
खूप	O
वेळ	O
.	O
	
हां	B-repeat_R
हां	O
तेच	O
म्हंटल	O
ते	O
किती	O
वेळ	O
असतं	O
काय	O
.	O
	
अकरा	O
minute	O
.	O
	
अकरा	O
second	O
का	O
अकरा	O
minute	O
?	O
	
अकरा	O
second	O
.	O
	
हां	O
अकरा	O
minute	O
म्हणाली	O
अकरा	O
मिनिटात	O
तर	O
डाव	O
संपतो	O
सगळा	O
.	O
	
आहे	O
का	O
नाही	O
?	O
	
हम्म	O
कबड्डी	O
खेळताना	O
हे	O
नसतं	O
का	O
त्यात	O
काही	O
असतं	O
नाही	O
का	O
सुरक्षिततेसाठी	O
?	O
	
नाही	O
नाही	O
नाही	O
का	O
?	O
कायच	O
नाही	O
का	O
अजिबात	O
?	O
	
~	O
~	O
~	O
[	O
Unclear	O
]	O
काय	O
,	O
काय	B-repeat_R
काय	I-repeat_R
?	O
	
झालेली	O
असेल	O
तर	O
~	O
~	O
~	O
[	O
Unclear	O
]	O
देतच	O
नाही	O
.	O
	
हां	O
.	O
आणि	O
समजा	O
जेणे	O
elastic	O
सारखं	O
येतं	O
ना	O
आता	O
ते	O
पायांना	O
.	O
	
हां	O
हां	O
ते	O
दुखू	O
नये	O
म्हणून	O
ते	O
काय	O
म्हणत्यात	O
त्याला	O
bandage	O
napkin	O
napkin	O
पट्टी	O
देत्यात	O
,	O
first	O
year	O
साठी	O
देत	O
असतील	O
त्यांना	O
लागत	O
असतं	O
बऱ्याचवेळेला	O
खेळताना	O
तिथं	O
.	O
	
हम्म	O
सगळ्या	O
गोष्टी	O
.	O
	
तुमच्या	O
group	O
मध्ये	O
कोण	O
जास्त	O
fast	O
तुला	O
येतं	O
का	O
चांगलं	O
खेळायला	O
?	O
	
ते	O
काय	O
असतं	O
ते	O
.	O
एकांदा	O
जास्त	O
मी	O
last	O
दहावी	O
पर्यंतच	O
मी	O
जिल्हापर्यंतच	O
खेळले	O
पुढं	O
खेळले	O
नाहीये	O
एखांद्याला	O
नाही	O
का	O
सारखंच	O
त्याला	O
लावत	O
असत्यात	O
अं	B-filler_R
हे	O
करायला	O
समोरच्या	O
party	O
हे	O
करायला	O
लावत्यात	O
पाठवत्यात	O
सारखंच	O
हां	O
.	O
	
त्याला	O
काय	O
म्हणत्यात	O
?	O
	
त्याला	O
काय	O
तर	O
नाव	O
असतं	O
ना	O
rider	O
काय	O
म्हणत्यात	O
?	O
	
हां	O
rider	O
आहे	O
ना	O
ते	O
special	O
असत्यात	O
ना	O
ते	O
?	O
हां	O
special	O
असत्यात	O
.	O
	
त्यांना	O
वेगळं	O
training	O
देतात	O
का	O
कही	O
?	O
	
हं	O
देत्यात	O
ना	O
.	O
देत्यात	O
ना	O
तसं	O
.	O
	
हां	O
तेच	O
म्हंटल	O
वेगळे	O
असत्यात	O
कारण	O
ते	O
गेलं	O
की	O
एका	B-repeat_R
एका	O
time	O
ला	O
किती	O
गडी	O
out	O
करून	O
येत्यात	O
ते	O
माघारी	O
.	O
	
हां	O
मग	O
तसं	O
अख्ख्या	O
group	O
मध्ये	O
एक	O
काहीतरी	O
वेगळाच	O
असतो	O
ना	O
.	O
तेच	O
म्हंटल	O
की	O
ते	B-repeat_R
ते	O
वेगळंच	O
असत्यात	O
जरासं	O
.	O
	
तो	O
बऱ्याच	O
कबड्डी	O
खेळलेला	O
असतो	O
त्याच्यामुळं	O
त्याला	O
practice	O
झालेली	O
असते	O
.	O
	
काही	O
नवीन	O
असत्यात	O
.	O
	
तेच	O
म्हंटल	O
मग	O
.	O
	
आणि	O
त्याला	B-repeat_R
त्याला	O
अजून	O
काय	B-repeat_R
काय	O
असतं	O
?	O
	
आ	O
?	O
अजुन	O
कही	O
नसतं	O
,	O
त्याला	O
काय	B-repeat_R
काय	O
असतं	O
अजून	O
?	O
	
same	B-repeat_R
same	O
च	O
असतं	O
सगळ्याला	O
.	O
	
हां	O
हां	O
तेच	O
म्हंटल	O
त्याला	O
काय	B-repeat_R
काय	O
असतं	O
अजून	O
आणि	O
हे	O
अं	B-filler_R
काय	O
अं	B-filler_R
म्हणत्यात	O
त्याला	O
,	O
त्याला	O
काय	B-repeat_R
काय	O
असतं	O
अजून	O
?	O
	
आ	O
.	O
अजून	O
काय	O
नसतं	O
जेवढं	O
आहे	O
ते	O
सांगितलं	O
म्या	O
.	O
	
हां	O
ना	O
मग	O
तेच	O
ना	O
मग	O
काय	O
आणि	O
एखांदा	O
समजा	O
तुम्हाला	O
मध्ये	O
off	O
कितीवेळा	O
असतो	O
.	O
	
दहा	O
मिनिटांचा	O
break	O
असतो	O
ना	O
सगळ्याच	O
फक्त	O
?	O
	
हम्म	O
हां	O
का	O
?	O
आणि	O
rest	O
मध्ये	O
काय	O
काय	O
तुम्ही	O
फक्त	O
पाणी	O
वगैरे	O
घेता	O
असता	O
का	O
नाष्टा	O
करता	O
काय	O
?	O
	
नाही	O
पाणी	O
आणि	O
juice	O
असतंय	O
.	O
	
काहीजण	O
glucose	O
घेत्यात	O
.	O
	
काहीजण	O
juice	O
घेत्यात	O
.	O
	
सगळ्यांना	O
थोडं	O
juice	O
मिळत	O
असेल	O
परिस्थितीनुसार	O
.	O
	
दिलं	O
जातंय	O
.	O
	
college	O
कडून	O
शाळेकडून	O
असंल	O
ना	O
जे	O
तेनी	O
हे	O
केलं	O
त्येच्याकडून	O
हाय	O
का	O
नाय	O
पदर	O
थोडी	O
न्यावा	O
लागल	O
तिथं	O
?	O
	
देतात	O
ना	O
,	O
ज्यांचे	O
game	O
आहे	O
तेच	O
लोकं	O
देतात	O
.	O
	
हां	O
मग	O
तेच	O
म्हंटल	O
ना	O
.	O
आणि	O
मला	O
काय	O
म्हणायचं	O
होतं	O
.	O
	
हम्म	O
Hello	O
हां	O
.	O
	
हो	O
हां	O
मग	O
काय	O
नाही	O
.	O
	
हा	O
बोला	O
ना	O
.	O
काय	O
नाही	O
काय	O
okay	O
bye	O
,	O
ठेऊ	O
?	O
bye	O
bye	O
bye	O
हां	O
	
हॅलो	O
.	O
	
हॅलो	O
.	O
हं	O
हंहं	B-repeat_R
अरे	O
मला	O
ना	O
अं	B-filler_R
जॉब	O
हवा	O
होता	O
.	O
	
अच्छा	O
अच्छा	B-repeat_R
.	O
	
जॉब	O
सर्चिंग	O
चालू	O
आहे	O
का	O
तुमचं	O
?	O
	
हो	O
,	O
जॉब	O
सर्चिंग	O
चालू	O
आहे	O
.	O
	
ते	O
म्हंटलं	O
अच्छा	B-repeat_R
अच्छा	O
की	O
हे	O
चांगलं	O
झालं	O
आहे	O
सेटलमेंट	O
तर	O
विचारवं	O
.	O
	
हां	O
हां	O
.	O
	
हां	O
,	O
अच्छा	O
.	O
	
ते	O
तू	O
कशा	O
संदर्भात	O
बघते	O
जॉब	O
आता	O
,	O
कुठल्या	O
ह्याच्यात	O
बघते	O
,	O
हं	O
हंहं	B-repeat_R
...	O
कुठल्या	B-repair_R
ह्याच्यामध्ये	I-repair_R
,	O
कुठल्या	B-Alteration
फील्डमध्ये	I-Alteration
तू	O
जॉब	O
आता	O
बघतीयेस	O
?	O
	
हं	O
,	O
मला	O
तसं	O
काही	O
नाही	O
,	O
जॉब	O
कुठलाही	O
चालेल	O
पण	O
थोडसं	O
अस	O
वर्क	O
फ्रॉम	O
होम	O
वगैरे	O
पाहिजे	O
.	O
	
अच्छा	O
अच्छा	B-filler_R
.	I-filler_R
	
घरून	O
काम	O
.	O
	
हं	O
.	O
अ	O
हां	O
.	O
	
अगं	O
मग	O
मागे	O
ना	O
मी	O
एका	O
कन्सल्टंसीचमध्ये	O
गेलो	O
होतो	O
तर	O
ते	O
कन्सल्टंसीवाले	O
चांगले	O
आहेत	O
.	O
	
अच्छा	O
म्हणजे	O
ते	O
चांगला	O
जॉब	O
वगैरे	O
ऑफर	O
करतात	O
.	O
	
अच्छा	O
ह्हं	B-filler_R
.	I-filler_R
	
.	O
तुला	B-repeat_R
.	I-repeat_R
	
.	O
मग	O
तुला	O
वर्क	O
फ्रॉम	O
होम	O
करायचा	O
असेल	O
तर	O
त्यांना	O
थोडेफार	O
पैसे	O
द्यावे	O
लागतात	O
पहिले	O
.	O
	
आधीच	O
द्यावे	O
लागतील	O
का	O
?	O
हा	O
आधी.	O
..	O
आधी	O
द्यावे	O
लागतात	O
.	O
	
तर	O
ते	O
आपल्याला	O
कॉल	O
देतात	O
म्हणजे	O
थोडे	O
फार	O
पैसे	O
भरले	O
ना	O
,	O
हं	O
हं	O
...	O
तर	O
,	O
ते	O
आपल्याला	O
कॉल	O
देतात	O
अं	B-filler_R
सहा	O
महिने	O
.	O
	
अच्छा	O
,	O
ठीक	O
आहे	O
,	O
त्यांची	O
जे	O
काही	O
फीस	O
आहे	O
अं	B-filler_R
अं	I-filler_R
माझ्या	O
मते	O
अं	B-filler_R
अं	I-filler_R
दहा	O
हजार	O
रुपये	O
फीस	O
आहे	O
त्यांची	O
.	O
	
हां	O
हां	O
हां..	O
...	O
दहा	O
हजार	O
रूपये	O
आहे	O
आणि	O
प्लस	O
कसं	O
त्यांचं	O
दहा	O
हजार	O
दिल्यावर	O
ना	O
आं	B-filler_R
सहा	O
महिनेतुला	O
कॉल	O
येतील	O
.	O
	
अच्छा	O
,	O
ठीक	O
आहे	O
.	O
	
दहा	O
हजार	O
आणि	O
दिल्यावर	O
सहा	O
महिने	O
कॉल	O
येतील	O
त्यांचे	O
.	O
	
हां	O
आता	O
,	O
मी	O
ते	O
पहिले	O
केलं	O
होतं	O
.	O
	
पण	O
आता	O
मे	O
बी	O
वाढवले	O
पण	O
असतील	O
त्यांनी	O
.	O
	
अच्छा	O
,	O
बारा	O
तेरा	O
हजार	O
पण	O
केले	O
असतील	O
.	O
	
हां	O
.	O
हं	O
हं	O
.	O
तर	O
मग	O
ते	O
सहा	O
महिने	O
तुला	O
हे	O
करतात	O
,	O
मेल	O
पाठवतात	O
हं	O
हं	O
आणि	O
मग	O
महिन्याला	O
सपोज	O
सहा	O
का	O
सात	O
हं	B-filler_R
कॉल	O
येतात	O
तुला	O
.	O
	
अच्छा	O
.	O
हा	O
.	O
तर	O
मग	O
तसं	O
कॉल	O
आल्यानंतर	O
,	O
म्हणजे	B-pet_R
तर	O
तू	O
करू	O
शकते	O
तिथे	O
म्हणजे	B-pet_R
चांगली	O
कन्सल्टंसी	O
आहे	O
तशी	O
.	O
	
आणि	O
मग..	O
...	O
आणि	O
त्यांचे	O
अजून	O
पण	O
आहे	O
.	O
	
सपोज	O
जर	O
तू	B-repair_R
,	I-repair_R
तुझं	B-Alteration
जर	O
झालं	O
सिलेक्शन	O
हं	O
त्यांच्याकडून	O
हं	O
हं	O
.	O
तर	O
मग	O
तुझी	O
जी	O
सॅलरी	O
आहे	O
पहिली	O
जी	O
सॅलरी	O
,	O
हं	O
,	O
जी	O
काही	O
होईल	O
ना	O
हं	O
,	O
तर	O
त्याच्यातली	O
अर्धी	O
सॅलरी	O
त्यांना	O
द्यायची	O
.	O
	
अच्छा	O
.	O
हं	O
,	O
म्हणजे	O
सपोज	O
जर	O
तुझा	B-repair_R
तुला	B-Alteration
एखादा	O
जॉब	O
लागला	O
जर	O
ते	O
स्टार्टिंगला	O
तुला	O
वीस	O
हजार	O
असतील	O
हं	O
.	O
हं	O
तर	O
त्याच्यामधले	O
अर्धे	O
दहा	O
हजार	O
येईल	O
ना	O
तर	O
ते	O
त्यांना	O
द्यायचेत	O
.	O
	
आणि	O
म्हणजे	O
आधी	O
पण	O
पैसे	O
भरायचे	O
आणि	O
नंतर	O
पण	O
द्यायचे	O
असं	O
.	O
	
हो.	O
..	O
की	O
फक्त	O
आधी	O
भरायचे	O
,	O
काही	O
काही	O
जणांचं	O
असं	O
पण	O
असतं	O
ना	O
आधी	O
घेतलेत	O
पैसे	O
,	O
जॉब	O
लागल्यावरती	O
त्यांना	O
पहिली	O
सॅलरी	O
पूर्ण	O
देऊन	O
टाकायची	O
असं	O
पण	O
ऐकलं	O
होतं	O
मी	O
एकदा	O
.	O
	
हो	O
अगं	O
पण	O
ते	O
कसं	O
झालं	O
आता	O
त्याच्यात	O
,	O
एक	O
दुसरी	O
कन्सल्टन्सी	O
तशीपण	O
आहे	O
,	O
पण	O
त्याच्यामध्ये	O
काय	O
काय	B-repeat_R
करतात	O
काही	O
मुलं	O
काय	O
करतात	O
,	O
सांगत	O
नाही	O
जॉब	O
लागलाय	O
म्हणून	O
.	O
	
अच्छा	O
.	O
एखाद्याला	O
जॉब	O
लागला	O
पण	O
ते	O
सांगत	O
नाही	O
की	O
मला	O
जॉब	O
लागला	O
बा	O
.	O
तुमच्या.	O
..	O
.तुमच्या	B-repeat_R
थ्रु	O
पण	O
त्यांची	O
काही	O
डिटेल्स	O
नसतात	O
का	O
मग	O
स्टूडेंट्सची	O
त्यांच्याकडे	O
?	O
	
असतात	O
ना	O
,	O
ते	O
त्यांच्या	O
थ्रु	O
जर	O
जॉब	O
लागला	O
तरी	O
ते	O
म्हणतात	O
की	O
आम्ही	O
तुमच्या	O
कॉलनी	O
नाही	O
दुसर्‍या	O
कॉलनी	O
आम्हाला	O
लागला	O
म्हणजे	O
तुमच्याकडून	O
नाही	O
लागला	O
,	O
मी	O
माझं	O
सर्च	O
केलं	O
असं	O
ते	O
म्हणतात	O
.	O
	
अच्छा	O
,	O
आणि	O
काही	O
काही	O
तर	O
तसं	O
मग	O
आपल्यामुळे	O
ते	O
पहिले	B-repair_R
देतात	I-repair_R
ते	B-Alteration
पहिले	I-Alteration
त्यांना	I-Alteration
आता	I-Alteration
काही	O
तरी	O
पैसे	O
घेतात	O
ते	O
.	O
हा	O
,	O
हं	O
हंहं	B-repeat_R
...	O
मला	O
जर	O
पुण्यात	O
बघायचं	O
आहे	O
तर	O
मग	O
मी.	O
..	O
अ.	B-filler_R
..	I-filler_R
एखादी	O
अशी	O
सांगू	O
शकता	O
का	O
की	O
म्हणजे	B-pet_R
कन्सल्टन्सी	O
अं.	B-filler_R
..	I-filler_R
पुण्यामध्ये	O
रहायचं	O
,	O
पहा	O
इकडं	O
आहे	O
,	O
बघा	O
तुला	O
जर	O
बघायचा	O
असेलं	O
,	O
तर	O
तिकडं	O
हां	O
मगरपट्टा	O
जे	O
आहे	O
ना	O
,	O
हं	O
हं.	O
..	O
मगरपट्टा	O
सिटी	O
हां.	O
..	O
मगरपट्ट्याला	O
प्रेग्मॅटिक	O
म्हणून	O
एक	O
कन्सल्टन्सी	O
आहे	O
प्रेग्मॅटिक	O
.	O
	
बरं	O
बरं	B-repeat_R
.	O
	
हां.	O
..	O
तर	O
ते	O
फक्त	O
कॉल	O
देतात	O
,	O
बरं	O
का	O
!	O
टिचिंग	O
नाही	O
देत	O
,	O
बरं..	O
...	O
तुला	O
फक्त	O
जॉब	O
सर्च	O
करायचा	O
आहे	O
का	O
एखादं	O
म्हणजे	O
नाही	O
मला	O
जॉबचं	O
सर्च	O
करायचा	O
आहे	O
अच्छा	O
अच्छा.	B-repeat_R
..	I-repeat_R
म्हणजे.	O
..	O
मला	O
वाटलं	O
की..	O
...	O
एखाद	O
असत	O
ना..	O
...	O
शिकायचं	O
आहे.	O
..	O
बॅक	O
ऑफिस.	O
..	O
असं.	O
..	O
हां	O
हां	O
अच्छा	O
अच्छा	O
.	O
	
नाही	O
मला	O
वाटलं	O
की	O
तुला	O
काही	O
शिकायचं	O
आहे	O
कोर्स	O
,	O
तसही	O
असतात	O
ना	O
काही	O
काही	O
ट्रेनिंग	O
आणि	O
प्लेसमेंट	O
देतात	O
बघ	O
.	O
	
नाही	O
नाही	O
मला	O
जॉबसाठीच	O
पाहिजे	O
.	O
	
जॉबसाठीच	O
.	O
अच्छा	B-repeat_R
अच्छा	O
.	O
	
हं	O
.	O
आणि	O
जॉबसाठी	O
मग	O
ती	O
प्रेग्मॅटिक	O
एक	O
चांगली	O
कन्सल्टन्सी	O
कारण	O
माझ्या	O
मित्राच्या	O
तर्फे	O
तिथूनचं	O
बरेचसे	O
अं	B-filler_R
प्लेस	O
झालेत	O
.	O
	
अच्छा	O
अच्छा	B-repeat_R
.	O
	
तर	O
मग	O
ती	O
कन्सल्टन्सी	O
छान	O
आहे	O
म्हणजे	O
तू	O
मी	O
तुला	O
त्याचा	O
नंबर	O
देतो.हो	O
हो.	O
..	O
तू	O
एकदा	O
फोन	O
करून	O
विचार	O
,	O
मला	O
लागेलच	O
नंबर	O
,	O
हा	O
विचार	O
हम्मं	B-filler_R
.	I-filler_R
	
.	O
हां	O
आणि	O
मग	O
म्हणजे	O
मला	O
जॉब	O
लागून	O
जाईल	O
ना	O
त्यावरून	O
कारण	O
आजकाल	O
जॉबचं	O
फारचं	O
अवघड	O
झालयं	O
.	O
	
हां	O
म्हणजे	B-pet_R
ते	O
अं	B-filler_R
कॉल	O
देतील	O
तसे	O
,	O
कारण	O
ते	O
तू	O
एकदा	O
पैसे	O
भरले	O
ना	O
,	O
तर	O
ते	O
कॉल	O
देतात	O
तुझ्या	O
रिलेटेड	O
.	O
	
अच्छा	O
अच्छा	B-repeat_R
.	O
	
तर	O
मग	O
ते	O
त्याच्यानुसार	O
चांगल्या	O
कंपनीचे	O
कॉल	O
देतात	O
फक्त	O
ते	O
अच्छा..	O
...	O
बरं	O
बरं	O
,	O
मी	O
ना...	O
....	O
ते	O
तुझ्या	O
हातात	O
आहे	O
की	O
मग	O
कसा	O
इंटरव्ह्यू	O
वगैरे	B-pet_R
द्यायचा	O
.	O
	
अच्छा..	O
...	O
ते	O
मी	O
बघते	O
प्रेग्मॅटिकचं	O
मगरपट्टा	O
सिटीला	O
आणि	O
ते	O
रेजिस्ट्रेशन	O
वगैरे	B-pet_R
करते	O
.	O
	
आणि	O
मग	O
परत	O
कॉल	O
करते	O
तुला	O
.	O
	
ओके	O
.	O
ठेवते	O
मग	O
,	O
अच्छा	O
अच्छा	B-repeat_R
ठीक	O
आहे	O
,	O
ठीक	B-repeat_R
आहे	I-repeat_R
.	O
	
धन्यवाद	O
हं	O
.	O
ठीक	O
आहे.	O
..	O
ओके	O
.	O
